[0.000000] (-) TimerEvent: {}
[0.002365] (-) JobUnselected: {'identifier': 'micro_ros_setup'}
[0.003167] (micro_ros_msgs) JobQueued: {'identifier': 'micro_ros_msgs', 'dependencies': OrderedDict()}
[0.003429] (micro_ros_agent) JobQueued: {'identifier': 'micro_ros_agent', 'dependencies': OrderedDict([('micro_ros_msgs', '/ros2_ws/uros_ws/install/micro_ros_msgs')])}
[0.003848] (micro_ros_msgs) JobStarted: {'identifier': 'micro_ros_msgs'}
[0.036377] (micro_ros_msgs) JobProgress: {'identifier': 'micro_ros_msgs', 'progress': 'cmake'}
[0.037900] (micro_ros_msgs) Command: {'cmd': ['/usr/bin/cmake', '/ros2_ws/uros_ws/src/uros/micro_ros_msgs', '-DUAGENT_BUILD_EXECUTABLE=OFF', '-DUAGENT_P2P_PROFILE=OFF', '--no-warn-unused-cli', '-DCMAKE_INSTALL_PREFIX=/ros2_ws/uros_ws/install/micro_ros_msgs'], 'cwd': '/ros2_ws/uros_ws/build/micro_ros_msgs', 'env': OrderedDict([('HOSTNAME', 'CETOHLC-Pi'), ('SHLVL', '2'), ('LD_LIBRARY_PATH', '/opt/ros/humble/lib/aarch64-linux-gnu:/opt/ros/humble/lib'), ('HOME', '/root'), ('OLDPWD', '/ros2_ws/uros_ws/install'), ('PYTHONUNBUFFERED', '1'), ('ROS_PYTHON_VERSION', '3'), ('COLCON_PREFIX_PATH', '/ros2_ws/uros_ws/install:/ros2_ws/install'), ('ROS_DISTRO', 'humble'), ('_', '/usr/bin/colcon'), ('ROS_VERSION', '2'), ('TERM', 'xterm'), ('ROS_LOCALHOST_ONLY', '0'), ('PATH', '/opt/ros/humble/bin:/usr/local/sbin:/usr/local/bin:/usr/sbin:/usr/bin:/sbin:/bin'), ('LANG', 'C.UTF-8'), ('RMW_IMPLEMENTATION', 'rmw_cyclonedds_cpp'), ('LS_COLORS', 'rs=0:di=01;34:ln=01;36:mh=00:pi=40;33:so=01;35:do=01;35:bd=40;33;01:cd=40;33;01:or=40;31;01:mi=00:su=37;41:sg=30;43:ca=30;41:tw=30;42:ow=34;42:st=37;44:ex=01;32:*.tar=01;31:*.tgz=01;31:*.arc=01;31:*.arj=01;31:*.taz=01;31:*.lha=01;31:*.lz4=01;31:*.lzh=01;31:*.lzma=01;31:*.tlz=01;31:*.txz=01;31:*.tzo=01;31:*.t7z=01;31:*.zip=01;31:*.z=01;31:*.dz=01;31:*.gz=01;31:*.lrz=01;31:*.lz=01;31:*.lzo=01;31:*.xz=01;31:*.zst=01;31:*.tzst=01;31:*.bz2=01;31:*.bz=01;31:*.tbz=01;31:*.tbz2=01;31:*.tz=01;31:*.deb=01;31:*.rpm=01;31:*.jar=01;31:*.war=01;31:*.ear=01;31:*.sar=01;31:*.rar=01;31:*.alz=01;31:*.ace=01;31:*.zoo=01;31:*.cpio=01;31:*.7z=01;31:*.rz=01;31:*.cab=01;31:*.wim=01;31:*.swm=01;31:*.dwm=01;31:*.esd=01;31:*.jpg=01;35:*.jpeg=01;35:*.mjpg=01;35:*.mjpeg=01;35:*.gif=01;35:*.bmp=01;35:*.pbm=01;35:*.pgm=01;35:*.ppm=01;35:*.tga=01;35:*.xbm=01;35:*.xpm=01;35:*.tif=01;35:*.tiff=01;35:*.png=01;35:*.svg=01;35:*.svgz=01;35:*.mng=01;35:*.pcx=01;35:*.mov=01;35:*.mpg=01;35:*.mpeg=01;35:*.m2v=01;35:*.mkv=01;35:*.webm=01;35:*.webp=01;35:*.ogm=01;35:*.mp4=01;35:*.m4v=01;35:*.mp4v=01;35:*.vob=01;35:*.qt=01;35:*.nuv=01;35:*.wmv=01;35:*.asf=01;35:*.rm=01;35:*.rmvb=01;35:*.flc=01;35:*.avi=01;35:*.fli=01;35:*.flv=01;35:*.gl=01;35:*.dl=01;35:*.xcf=01;35:*.xwd=01;35:*.yuv=01;35:*.cgm=01;35:*.emf=01;35:*.ogv=01;35:*.ogx=01;35:*.aac=00;36:*.au=00;36:*.flac=00;36:*.m4a=00;36:*.mid=00;36:*.midi=00;36:*.mka=00;36:*.mp3=00;36:*.mpc=00;36:*.ogg=00;36:*.ra=00;36:*.wav=00;36:*.oga=00;36:*.opus=00;36:*.spx=00;36:*.xspf=00;36:'), ('ROS_DOMAIN_ID', '42'), ('AMENT_PREFIX_PATH', '/ros2_ws/uros_ws/install/micro_ros_setup:/ros2_ws/install/micro_ros_setup:/opt/ros/humble'), ('PWD', '/ros2_ws/uros_ws/build/micro_ros_msgs'), ('LC_ALL', 'C.UTF-8'), ('PYTHONPATH', '/opt/ros/humble/lib/python3.10/site-packages:/opt/ros/humble/local/lib/python3.10/dist-packages'), ('COLCON', '1'), ('CMAKE_PREFIX_PATH', '/ros2_ws/uros_ws/install/micro_ros_setup:/ros2_ws/install/micro_ros_setup:/opt/ros/humble')]), 'shell': False}
[0.063961] (micro_ros_msgs) StdoutLine: {'line': b'Not searching for unused variables given on the command line.\n'}
[0.099121] (-) TimerEvent: {}
[0.199874] (-) TimerEvent: {}
[0.226614] (micro_ros_msgs) StdoutLine: {'line': b'-- The C compiler identification is GNU 11.4.0\n'}
[0.300070] (-) TimerEvent: {}
[0.400825] (-) TimerEvent: {}
[0.420244] (micro_ros_msgs) StdoutLine: {'line': b'-- The CXX compiler identification is GNU 11.4.0\n'}
[0.440149] (micro_ros_msgs) StdoutLine: {'line': b'-- Detecting C compiler ABI info\n'}
[0.501054] (-) TimerEvent: {}
[0.601819] (-) TimerEvent: {}
[0.658123] (micro_ros_msgs) StdoutLine: {'line': b'-- Detecting C compiler ABI info - done\n'}
[0.684174] (micro_ros_msgs) StdoutLine: {'line': b'-- Check for working C compiler: /usr/bin/cc - skipped\n'}
[0.684921] (micro_ros_msgs) StdoutLine: {'line': b'-- Detecting C compile features\n'}
[0.686293] (micro_ros_msgs) StdoutLine: {'line': b'-- Detecting C compile features - done\n'}
[0.695883] (micro_ros_msgs) StdoutLine: {'line': b'-- Detecting CXX compiler ABI info\n'}
[0.701961] (-) TimerEvent: {}
[0.802651] (-) TimerEvent: {}
[0.903392] (-) TimerEvent: {}
[0.947610] (micro_ros_msgs) StdoutLine: {'line': b'-- Detecting CXX compiler ABI info - done\n'}
[0.974942] (micro_ros_msgs) StdoutLine: {'line': b'-- Check for working CXX compiler: /usr/bin/c++ - skipped\n'}
[0.975753] (micro_ros_msgs) StdoutLine: {'line': b'-- Detecting CXX compile features\n'}
[0.977388] (micro_ros_msgs) StdoutLine: {'line': b'-- Detecting CXX compile features - done\n'}
[0.983766] (micro_ros_msgs) StdoutLine: {'line': b'-- Found ament_cmake: 1.3.14 (/opt/ros/humble/share/ament_cmake/cmake)\n'}
[1.003558] (-) TimerEvent: {}
[1.104286] (-) TimerEvent: {}
[1.205050] (-) TimerEvent: {}
[1.305726] (-) TimerEvent: {}
[1.406398] (-) TimerEvent: {}
[1.429992] (micro_ros_msgs) StdoutLine: {'line': b'-- Found Python3: /usr/bin/python3 (found version "3.10.12") found components: Interpreter \n'}
[1.506552] (-) TimerEvent: {}
[1.607135] (-) TimerEvent: {}
[1.707782] (-) TimerEvent: {}
[1.731998] (micro_ros_msgs) StdoutLine: {'line': b'-- Found rosidl_default_generators: 1.2.1 (/opt/ros/humble/share/rosidl_default_generators/cmake)\n'}
[1.746475] (micro_ros_msgs) StdoutLine: {'line': b'-- Using all available rosidl_typesupport_c: rosidl_typesupport_fastrtps_c;rosidl_typesupport_introspection_c\n'}
[1.772105] (micro_ros_msgs) StdoutLine: {'line': b'-- Found rosidl_adapter: 3.1.8 (/opt/ros/humble/share/rosidl_adapter/cmake)\n'}
[1.807925] (-) TimerEvent: {}
[1.908524] (-) TimerEvent: {}
[1.931542] (micro_ros_msgs) StdoutLine: {'line': b'-- Using all available rosidl_typesupport_cpp: rosidl_typesupport_fastrtps_cpp;rosidl_typesupport_introspection_cpp\n'}
[2.008682] (-) TimerEvent: {}
[2.089710] (micro_ros_msgs) StdoutLine: {'line': b'-- Found ament_lint_auto: 0.12.15 (/opt/ros/humble/share/ament_lint_auto/cmake)\n'}
[2.108837] (-) TimerEvent: {}
[2.209476] (-) TimerEvent: {}
[2.310210] (-) TimerEvent: {}
[2.411116] (-) TimerEvent: {}
[2.511718] (-) TimerEvent: {}
[2.612343] (-) TimerEvent: {}
[2.712961] (-) TimerEvent: {}
[2.813712] (-) TimerEvent: {}
[2.914740] (-) TimerEvent: {}
[3.013852] (micro_ros_msgs) StdoutLine: {'line': b'-- Found ament_cmake_ros: 0.10.0 (/opt/ros/humble/share/ament_cmake_ros/cmake)\n'}
[3.014848] (-) TimerEvent: {}
[3.115482] (-) TimerEvent: {}
[3.216353] (-) TimerEvent: {}
[3.316981] (-) TimerEvent: {}
[3.417611] (-) TimerEvent: {}
[3.518457] (-) TimerEvent: {}
[3.574042] (micro_ros_msgs) StdoutLine: {'line': b'-- Using all available rosidl_typesupport_c: rosidl_typesupport_fastrtps_c;rosidl_typesupport_introspection_c\n'}
[3.618593] (-) TimerEvent: {}
[3.719219] (-) TimerEvent: {}
[3.819883] (-) TimerEvent: {}
[3.920584] (-) TimerEvent: {}
[4.021475] (-) TimerEvent: {}
[4.122140] (-) TimerEvent: {}
[4.222924] (-) TimerEvent: {}
[4.288521] (micro_ros_msgs) StdoutLine: {'line': b'-- Using all available rosidl_typesupport_cpp: rosidl_typesupport_fastrtps_cpp;rosidl_typesupport_introspection_cpp\n'}
[4.323026] (-) TimerEvent: {}
[4.346241] (micro_ros_msgs) StdoutLine: {'line': b'-- Found PythonInterp: /usr/bin/python3 (found suitable version "3.10.12", minimum required is "3.6") \n'}
[4.351544] (micro_ros_msgs) StdoutLine: {'line': b'-- Found python_cmake_module: 0.10.0 (/opt/ros/humble/share/python_cmake_module/cmake)\n'}
[4.423189] (-) TimerEvent: {}
[4.424488] (micro_ros_msgs) StdoutLine: {'line': b'-- Found PythonLibs: /usr/lib/aarch64-linux-gnu/libpython3.10.so (found suitable version "3.10.12", minimum required is "3.5") \n'}
[4.471476] (micro_ros_msgs) StdoutLine: {'line': b'-- Using PYTHON_EXECUTABLE: /usr/bin/python3\n'}
[4.472108] (micro_ros_msgs) StdoutLine: {'line': b'-- Using PYTHON_INCLUDE_DIRS: /usr/include/python3.10\n'}
[4.472742] (micro_ros_msgs) StdoutLine: {'line': b'-- Using PYTHON_LIBRARIES: /usr/lib/aarch64-linux-gnu/libpython3.10.so\n'}
[4.478558] (micro_ros_msgs) StdoutLine: {'line': b'-- Found PythonExtra: .so  \n'}
[4.523320] (-) TimerEvent: {}
[4.623935] (-) TimerEvent: {}
[4.724530] (-) TimerEvent: {}
[4.766361] (micro_ros_msgs) StdoutLine: {'line': b"-- Added test 'copyright' to check source files copyright and LICENSE\n"}
[4.785060] (micro_ros_msgs) StdoutLine: {'line': b"-- Added test 'lint_cmake' to check CMake code style\n"}
[4.795505] (micro_ros_msgs) StdoutLine: {'line': b"-- Added test 'xmllint' to check XML markup files\n"}
[4.816042] (micro_ros_msgs) StdoutLine: {'line': b'-- Configuring done\n'}
[4.824689] (-) TimerEvent: {}
[4.917189] (micro_ros_msgs) StdoutLine: {'line': b'-- Generating done\n'}
[4.924853] (-) TimerEvent: {}
[4.952921] (micro_ros_msgs) StdoutLine: {'line': b'-- Build files have been written to: /ros2_ws/uros_ws/build/micro_ros_msgs\n'}
[4.971373] (micro_ros_msgs) CommandEnded: {'returncode': 0}
[4.972943] (micro_ros_msgs) JobProgress: {'identifier': 'micro_ros_msgs', 'progress': 'build'}
[4.975403] (micro_ros_msgs) Command: {'cmd': ['/usr/bin/cmake', '--build', '/ros2_ws/uros_ws/build/micro_ros_msgs', '--', '-j4', '-l4'], 'cwd': '/ros2_ws/uros_ws/build/micro_ros_msgs', 'env': OrderedDict([('HOSTNAME', 'CETOHLC-Pi'), ('SHLVL', '2'), ('LD_LIBRARY_PATH', '/opt/ros/humble/lib/aarch64-linux-gnu:/opt/ros/humble/lib'), ('HOME', '/root'), ('OLDPWD', '/ros2_ws/uros_ws/install'), ('PYTHONUNBUFFERED', '1'), ('ROS_PYTHON_VERSION', '3'), ('COLCON_PREFIX_PATH', '/ros2_ws/uros_ws/install:/ros2_ws/install'), ('ROS_DISTRO', 'humble'), ('_', '/usr/bin/colcon'), ('ROS_VERSION', '2'), ('TERM', 'xterm'), ('ROS_LOCALHOST_ONLY', '0'), ('PATH', '/opt/ros/humble/bin:/usr/local/sbin:/usr/local/bin:/usr/sbin:/usr/bin:/sbin:/bin'), ('LANG', 'C.UTF-8'), ('RMW_IMPLEMENTATION', 'rmw_cyclonedds_cpp'), ('LS_COLORS', 'rs=0:di=01;34:ln=01;36:mh=00:pi=40;33:so=01;35:do=01;35:bd=40;33;01:cd=40;33;01:or=40;31;01:mi=00:su=37;41:sg=30;43:ca=30;41:tw=30;42:ow=34;42:st=37;44:ex=01;32:*.tar=01;31:*.tgz=01;31:*.arc=01;31:*.arj=01;31:*.taz=01;31:*.lha=01;31:*.lz4=01;31:*.lzh=01;31:*.lzma=01;31:*.tlz=01;31:*.txz=01;31:*.tzo=01;31:*.t7z=01;31:*.zip=01;31:*.z=01;31:*.dz=01;31:*.gz=01;31:*.lrz=01;31:*.lz=01;31:*.lzo=01;31:*.xz=01;31:*.zst=01;31:*.tzst=01;31:*.bz2=01;31:*.bz=01;31:*.tbz=01;31:*.tbz2=01;31:*.tz=01;31:*.deb=01;31:*.rpm=01;31:*.jar=01;31:*.war=01;31:*.ear=01;31:*.sar=01;31:*.rar=01;31:*.alz=01;31:*.ace=01;31:*.zoo=01;31:*.cpio=01;31:*.7z=01;31:*.rz=01;31:*.cab=01;31:*.wim=01;31:*.swm=01;31:*.dwm=01;31:*.esd=01;31:*.jpg=01;35:*.jpeg=01;35:*.mjpg=01;35:*.mjpeg=01;35:*.gif=01;35:*.bmp=01;35:*.pbm=01;35:*.pgm=01;35:*.ppm=01;35:*.tga=01;35:*.xbm=01;35:*.xpm=01;35:*.tif=01;35:*.tiff=01;35:*.png=01;35:*.svg=01;35:*.svgz=01;35:*.mng=01;35:*.pcx=01;35:*.mov=01;35:*.mpg=01;35:*.mpeg=01;35:*.m2v=01;35:*.mkv=01;35:*.webm=01;35:*.webp=01;35:*.ogm=01;35:*.mp4=01;35:*.m4v=01;35:*.mp4v=01;35:*.vob=01;35:*.qt=01;35:*.nuv=01;35:*.wmv=01;35:*.asf=01;35:*.rm=01;35:*.rmvb=01;35:*.flc=01;35:*.avi=01;35:*.fli=01;35:*.flv=01;35:*.gl=01;35:*.dl=01;35:*.xcf=01;35:*.xwd=01;35:*.yuv=01;35:*.cgm=01;35:*.emf=01;35:*.ogv=01;35:*.ogx=01;35:*.aac=00;36:*.au=00;36:*.flac=00;36:*.m4a=00;36:*.mid=00;36:*.midi=00;36:*.mka=00;36:*.mp3=00;36:*.mpc=00;36:*.ogg=00;36:*.ra=00;36:*.wav=00;36:*.oga=00;36:*.opus=00;36:*.spx=00;36:*.xspf=00;36:'), ('ROS_DOMAIN_ID', '42'), ('AMENT_PREFIX_PATH', '/ros2_ws/uros_ws/install/micro_ros_setup:/ros2_ws/install/micro_ros_setup:/opt/ros/humble'), ('PWD', '/ros2_ws/uros_ws/build/micro_ros_msgs'), ('LC_ALL', 'C.UTF-8'), ('PYTHONPATH', '/opt/ros/humble/lib/python3.10/site-packages:/opt/ros/humble/local/lib/python3.10/dist-packages'), ('COLCON', '1'), ('CMAKE_PREFIX_PATH', '/ros2_ws/uros_ws/install/micro_ros_setup:/ros2_ws/install/micro_ros_setup:/opt/ros/humble')]), 'shell': False}
[5.025039] (-) TimerEvent: {}
[5.099859] (micro_ros_msgs) StdoutLine: {'line': b'[  2%] \x1b[34m\x1b[1mGenerating C code for ROS interfaces\x1b[0m\n'}
[5.125240] (-) TimerEvent: {}
[5.136614] (micro_ros_msgs) StdoutLine: {'line': b'[  4%] \x1b[34m\x1b[1mGenerating C++ code for ROS interfaces\x1b[0m\n'}
[5.138943] (micro_ros_msgs) StdoutLine: {'line': b'[  6%] \x1b[34m\x1b[1mGenerating Rust code for ROS interfaces\x1b[0m\n'}
[5.170560] (micro_ros_msgs) StdoutLine: {'line': b'[  6%] Built target ament_cmake_python_copy_micro_ros_msgs\n'}
[5.225447] (-) TimerEvent: {}
[5.330772] (-) TimerEvent: {}
[5.431539] (-) TimerEvent: {}
[5.532463] (-) TimerEvent: {}
[5.633364] (-) TimerEvent: {}
[5.734214] (-) TimerEvent: {}
[5.838229] (-) TimerEvent: {}
[5.938996] (-) TimerEvent: {}
[6.039765] (-) TimerEvent: {}
[6.140441] (-) TimerEvent: {}
[6.201577] (micro_ros_msgs) StdoutLine: {'line': b'running egg_info\n'}
[6.204771] (micro_ros_msgs) StdoutLine: {'line': b'creating micro_ros_msgs.egg-info\n'}
[6.205539] (micro_ros_msgs) StdoutLine: {'line': b'writing micro_ros_msgs.egg-info/PKG-INFO\n'}
[6.206559] (micro_ros_msgs) StdoutLine: {'line': b'writing dependency_links to micro_ros_msgs.egg-info/dependency_links.txt\n'}
[6.207504] (micro_ros_msgs) StdoutLine: {'line': b'writing top-level names to micro_ros_msgs.egg-info/top_level.txt\n'}
[6.210209] (micro_ros_msgs) StdoutLine: {'line': b"writing manifest file 'micro_ros_msgs.egg-info/SOURCES.txt'\n"}
[6.218714] (micro_ros_msgs) StdoutLine: {'line': b"reading manifest file 'micro_ros_msgs.egg-info/SOURCES.txt'\n"}
[6.226301] (micro_ros_msgs) StdoutLine: {'line': b"writing manifest file 'micro_ros_msgs.egg-info/SOURCES.txt'\n"}
[6.240754] (-) TimerEvent: {}
[6.341790] (-) TimerEvent: {}
[6.358446] (micro_ros_msgs) StdoutLine: {'line': b'[  6%] Built target ament_cmake_python_build_micro_ros_msgs_egg\n'}
[6.441971] (-) TimerEvent: {}
[6.542811] (-) TimerEvent: {}
[6.631652] (micro_ros_msgs) StdoutLine: {'line': b'[  6%] Built target micro_ros_msgs__rs\n'}
[6.643032] (-) TimerEvent: {}
[6.744860] (-) TimerEvent: {}
[6.845688] (-) TimerEvent: {}
[6.946390] (-) TimerEvent: {}
[7.050451] (-) TimerEvent: {}
[7.152830] (-) TimerEvent: {}
[7.160478] (micro_ros_msgs) StdoutLine: {'line': b'[  6%] Built target micro_ros_msgs__cpp\n'}
[7.199762] (micro_ros_msgs) StdoutLine: {'line': b'[  8%] \x1b[34m\x1b[1mGenerating C++ type support for eProsima Fast-RTPS\x1b[0m\n'}
[7.253012] (-) TimerEvent: {}
[7.264964] (micro_ros_msgs) StdoutLine: {'line': b'[ 10%] \x1b[34m\x1b[1mGenerating C++ type support dispatch for ROS interfaces\x1b[0m\n'}
[7.290316] (micro_ros_msgs) StdoutLine: {'line': b'[ 12%] \x1b[34m\x1b[1mGenerating C++ introspection for ROS interfaces\x1b[0m\n'}
[7.330439] (micro_ros_msgs) StdoutLine: {'line': b'[ 14%] \x1b[32mBuilding C object CMakeFiles/micro_ros_msgs__rosidl_generator_c.dir/rosidl_generator_c/micro_ros_msgs/msg/detail/graph__functions.c.o\x1b[0m\n'}
[7.353218] (-) TimerEvent: {}
[7.454053] (-) TimerEvent: {}
[7.554850] (-) TimerEvent: {}
[7.652332] (micro_ros_msgs) StdoutLine: {'line': b'[ 16%] \x1b[32mBuilding C object CMakeFiles/micro_ros_msgs__rosidl_generator_c.dir/rosidl_generator_c/micro_ros_msgs/msg/detail/node__functions.c.o\x1b[0m\n'}
[7.655072] (-) TimerEvent: {}
[7.757093] (-) TimerEvent: {}
[7.862534] (-) TimerEvent: {}
[7.871076] (micro_ros_msgs) StdoutLine: {'line': b'[ 18%] \x1b[32mBuilding C object CMakeFiles/micro_ros_msgs__rosidl_generator_c.dir/rosidl_generator_c/micro_ros_msgs/msg/detail/entity__functions.c.o\x1b[0m\n'}
[7.962804] (-) TimerEvent: {}
[8.063603] (-) TimerEvent: {}
[8.089192] (micro_ros_msgs) StdoutLine: {'line': b'[ 20%] \x1b[32m\x1b[1mLinking C shared library libmicro_ros_msgs__rosidl_generator_c.so\x1b[0m\n'}
[8.163817] (-) TimerEvent: {}
[8.242331] (micro_ros_msgs) StdoutLine: {'line': b'[ 20%] Built target micro_ros_msgs__rosidl_generator_c\n'}
[8.266364] (-) TimerEvent: {}
[8.278343] (micro_ros_msgs) StdoutLine: {'line': b'[ 22%] \x1b[34m\x1b[1mGenerating C type support dispatch for ROS interfaces\x1b[0m\n'}
[8.366536] (-) TimerEvent: {}
[8.467951] (-) TimerEvent: {}
[8.570737] (-) TimerEvent: {}
[8.672643] (-) TimerEvent: {}
[8.773703] (-) TimerEvent: {}
[8.876985] (micro_ros_msgs) StdoutLine: {'line': b'[ 25%] \x1b[32mBuilding CXX object CMakeFiles/micro_ros_msgs__rosidl_typesupport_cpp.dir/rosidl_typesupport_cpp/micro_ros_msgs/msg/graph__type_support.cpp.o\x1b[0m\n'}
[8.877773] (-) TimerEvent: {}
[8.978941] (-) TimerEvent: {}
[9.080012] (-) TimerEvent: {}
[9.151596] (micro_ros_msgs) StdoutLine: {'line': b'[ 27%] \x1b[32mBuilding CXX object CMakeFiles/micro_ros_msgs__rosidl_typesupport_introspection_cpp.dir/rosidl_typesupport_introspection_cpp/micro_ros_msgs/msg/detail/graph__type_support.cpp.o\x1b[0m\n'}
[9.182312] (-) TimerEvent: {}
[9.228252] (micro_ros_msgs) StdoutLine: {'line': b'[ 29%] \x1b[32mBuilding CXX object CMakeFiles/micro_ros_msgs__rosidl_typesupport_fastrtps_cpp.dir/rosidl_typesupport_fastrtps_cpp/micro_ros_msgs/msg/detail/dds_fastrtps/graph__type_support.cpp.o\x1b[0m\n'}
[9.282482] (-) TimerEvent: {}
[9.384115] (-) TimerEvent: {}
[9.484866] (-) TimerEvent: {}
[9.585816] (-) TimerEvent: {}
[9.690602] (-) TimerEvent: {}
[9.792053] (-) TimerEvent: {}
[9.893160] (-) TimerEvent: {}
[9.946653] (micro_ros_msgs) StdoutLine: {'line': b'[ 31%] \x1b[32mBuilding CXX object CMakeFiles/micro_ros_msgs__rosidl_typesupport_c.dir/rosidl_typesupport_c/micro_ros_msgs/msg/graph__type_support.cpp.o\x1b[0m\n'}
[9.993409] (-) TimerEvent: {}
[10.094785] (micro_ros_msgs) StdoutLine: {'line': b'[ 33%] \x1b[32mBuilding CXX object CMakeFiles/micro_ros_msgs__rosidl_typesupport_c.dir/rosidl_typesupport_c/micro_ros_msgs/msg/node__type_support.cpp.o\x1b[0m\n'}
[10.095859] (-) TimerEvent: {}
[10.197678] (-) TimerEvent: {}
[10.230573] (micro_ros_msgs) StdoutLine: {'line': b'[ 35%] \x1b[32mBuilding CXX object CMakeFiles/micro_ros_msgs__rosidl_typesupport_c.dir/rosidl_typesupport_c/micro_ros_msgs/msg/entity__type_support.cpp.o\x1b[0m\n'}
[10.297886] (-) TimerEvent: {}
[10.359126] (micro_ros_msgs) StdoutLine: {'line': b'[ 37%] \x1b[32m\x1b[1mLinking CXX shared library libmicro_ros_msgs__rosidl_typesupport_c.so\x1b[0m\n'}
[10.398147] (-) TimerEvent: {}
[10.503003] (-) TimerEvent: {}
[10.537607] (micro_ros_msgs) StdoutLine: {'line': b'[ 37%] Built target micro_ros_msgs__rosidl_typesupport_c\n'}
[10.575426] (micro_ros_msgs) StdoutLine: {'line': b'[ 39%] \x1b[32mBuilding CXX object CMakeFiles/micro_ros_msgs__rosidl_typesupport_fastrtps_cpp.dir/rosidl_typesupport_fastrtps_cpp/micro_ros_msgs/msg/detail/dds_fastrtps/node__type_support.cpp.o\x1b[0m\n'}
[10.606306] (-) TimerEvent: {}
[10.614375] (micro_ros_msgs) StdoutLine: {'line': b'[ 41%] \x1b[32mBuilding CXX object CMakeFiles/micro_ros_msgs__rosidl_typesupport_cpp.dir/rosidl_typesupport_cpp/micro_ros_msgs/msg/node__type_support.cpp.o\x1b[0m\n'}
[10.706510] (-) TimerEvent: {}
[10.808808] (-) TimerEvent: {}
[10.910398] (-) TimerEvent: {}
[11.014696] (-) TimerEvent: {}
[11.115635] (-) TimerEvent: {}
[11.216546] (-) TimerEvent: {}
[11.317663] (-) TimerEvent: {}
[11.420194] (-) TimerEvent: {}
[11.521257] (-) TimerEvent: {}
[11.623489] (-) TimerEvent: {}
[11.730459] (-) TimerEvent: {}
[11.831286] (-) TimerEvent: {}
[11.932246] (-) TimerEvent: {}
[11.982880] (micro_ros_msgs) StdoutLine: {'line': b'[ 43%] \x1b[32mBuilding CXX object CMakeFiles/micro_ros_msgs__rosidl_typesupport_fastrtps_cpp.dir/rosidl_typesupport_fastrtps_cpp/micro_ros_msgs/msg/detail/dds_fastrtps/entity__type_support.cpp.o\x1b[0m\n'}
[12.032486] (-) TimerEvent: {}
[12.094815] (micro_ros_msgs) StdoutLine: {'line': b'[ 45%] \x1b[32mBuilding CXX object CMakeFiles/micro_ros_msgs__rosidl_typesupport_cpp.dir/rosidl_typesupport_cpp/micro_ros_msgs/msg/entity__type_support.cpp.o\x1b[0m\n'}
[12.132759] (-) TimerEvent: {}
[12.174550] (micro_ros_msgs) StdoutLine: {'line': b'[ 47%] \x1b[32mBuilding CXX object CMakeFiles/micro_ros_msgs__rosidl_typesupport_introspection_cpp.dir/rosidl_typesupport_introspection_cpp/micro_ros_msgs/msg/detail/node__type_support.cpp.o\x1b[0m\n'}
[12.232956] (-) TimerEvent: {}
[12.333730] (-) TimerEvent: {}
[12.434714] (-) TimerEvent: {}
[12.538521] (-) TimerEvent: {}
[12.640029] (-) TimerEvent: {}
[12.746370] (-) TimerEvent: {}
[12.847215] (-) TimerEvent: {}
[12.948138] (-) TimerEvent: {}
[13.049123] (-) TimerEvent: {}
[13.150293] (-) TimerEvent: {}
[13.185020] (micro_ros_msgs) StdoutLine: {'line': b'[ 50%] \x1b[34m\x1b[1mGenerating C type support for eProsima Fast-RTPS\x1b[0m\n'}
[13.254301] (-) TimerEvent: {}
[13.356304] (-) TimerEvent: {}
[13.458458] (-) TimerEvent: {}
[13.560851] (-) TimerEvent: {}
[13.577703] (micro_ros_msgs) StdoutLine: {'line': b'[ 52%] \x1b[32m\x1b[1mLinking CXX shared library libmicro_ros_msgs__rosidl_typesupport_cpp.so\x1b[0m\n'}
[13.661100] (-) TimerEvent: {}
[13.759316] (micro_ros_msgs) StdoutLine: {'line': b'[ 52%] Built target micro_ros_msgs__rosidl_typesupport_cpp\n'}
[13.761364] (-) TimerEvent: {}
[13.801380] (micro_ros_msgs) StdoutLine: {'line': b'[ 54%] \x1b[32mBuilding CXX object CMakeFiles/micro_ros_msgs__rosidl_typesupport_introspection_cpp.dir/rosidl_typesupport_introspection_cpp/micro_ros_msgs/msg/detail/entity__type_support.cpp.o\x1b[0m\n'}
[13.861606] (-) TimerEvent: {}
[13.962506] (-) TimerEvent: {}
[14.063333] (-) TimerEvent: {}
[14.164211] (-) TimerEvent: {}
[14.265066] (-) TimerEvent: {}
[14.367006] (-) TimerEvent: {}
[14.469024] (-) TimerEvent: {}
[14.530355] (micro_ros_msgs) StdoutLine: {'line': b'[ 56%] \x1b[32m\x1b[1mLinking CXX shared library libmicro_ros_msgs__rosidl_typesupport_fastrtps_cpp.so\x1b[0m\n'}
[14.569219] (-) TimerEvent: {}
[14.670124] (-) TimerEvent: {}
[14.774440] (-) TimerEvent: {}
[14.875426] (-) TimerEvent: {}
[14.887748] (micro_ros_msgs) StdoutLine: {'line': b'[ 56%] Built target micro_ros_msgs__rosidl_typesupport_fastrtps_cpp\n'}
[14.891172] (micro_ros_msgs) StdoutLine: {'line': b'[ 58%] \x1b[34m\x1b[1mGenerating C introspection for ROS interfaces\x1b[0m\n'}
[14.975614] (-) TimerEvent: {}
[15.079230] (-) TimerEvent: {}
[15.188917] (-) TimerEvent: {}
[15.264617] (micro_ros_msgs) StdoutLine: {'line': b'[ 62%] \x1b[32mBuilding CXX object CMakeFiles/micro_ros_msgs__rosidl_typesupport_fastrtps_c.dir/rosidl_typesupport_fastrtps_c/micro_ros_msgs/msg/detail/node__type_support_c.cpp.o\x1b[0m\n'}
[15.265440] (micro_ros_msgs) StdoutLine: {'line': b'[ 62%] \x1b[32mBuilding CXX object CMakeFiles/micro_ros_msgs__rosidl_typesupport_fastrtps_c.dir/rosidl_typesupport_fastrtps_c/micro_ros_msgs/msg/detail/graph__type_support_c.cpp.o\x1b[0m\n'}
[15.289220] (-) TimerEvent: {}
[15.394252] (-) TimerEvent: {}
[15.495248] (-) TimerEvent: {}
[15.596090] (-) TimerEvent: {}
[15.697182] (-) TimerEvent: {}
[15.802272] (-) TimerEvent: {}
[15.903223] (-) TimerEvent: {}
[16.004157] (-) TimerEvent: {}
[16.105137] (-) TimerEvent: {}
[16.210294] (-) TimerEvent: {}
[16.242655] (micro_ros_msgs) StdoutLine: {'line': b'[ 64%] \x1b[32m\x1b[1mLinking CXX shared library libmicro_ros_msgs__rosidl_typesupport_introspection_cpp.so\x1b[0m\n'}
[16.310582] (-) TimerEvent: {}
[16.412748] (-) TimerEvent: {}
[16.518506] (-) TimerEvent: {}
[16.608042] (micro_ros_msgs) StdoutLine: {'line': b'[ 64%] Built target micro_ros_msgs__rosidl_typesupport_introspection_cpp\n'}
[16.620133] (-) TimerEvent: {}
[16.665113] (micro_ros_msgs) StdoutLine: {'line': b'[ 66%] \x1b[32mBuilding CXX object CMakeFiles/micro_ros_msgs__rosidl_typesupport_fastrtps_c.dir/rosidl_typesupport_fastrtps_c/micro_ros_msgs/msg/detail/entity__type_support_c.cpp.o\x1b[0m\n'}
[16.720456] (-) TimerEvent: {}
[16.821450] (-) TimerEvent: {}
[16.925316] (-) TimerEvent: {}
[16.958434] (micro_ros_msgs) StdoutLine: {'line': b'[ 68%] \x1b[32mBuilding C object CMakeFiles/micro_ros_msgs__rosidl_typesupport_introspection_c.dir/rosidl_typesupport_introspection_c/micro_ros_msgs/msg/detail/graph__type_support.c.o\x1b[0m\n'}
[17.025548] (-) TimerEvent: {}
[17.121404] (micro_ros_msgs) StdoutLine: {'line': b'[ 70%] \x1b[32mBuilding C object CMakeFiles/micro_ros_msgs__rosidl_typesupport_introspection_c.dir/rosidl_typesupport_introspection_c/micro_ros_msgs/msg/detail/node__type_support.c.o\x1b[0m\n'}
[17.125770] (-) TimerEvent: {}
[17.151759] (micro_ros_msgs) StdoutLine: {'line': b'[ 72%] \x1b[32mBuilding C object CMakeFiles/micro_ros_msgs__rosidl_typesupport_introspection_c.dir/rosidl_typesupport_introspection_c/micro_ros_msgs/msg/detail/entity__type_support.c.o\x1b[0m\n'}
[17.226304] (-) TimerEvent: {}
[17.293163] (micro_ros_msgs) StdoutLine: {'line': b'[ 75%] \x1b[32m\x1b[1mLinking C shared library libmicro_ros_msgs__rosidl_typesupport_introspection_c.so\x1b[0m\n'}
[17.326416] (-) TimerEvent: {}
[17.397603] (micro_ros_msgs) StdoutLine: {'line': b'[ 75%] Built target micro_ros_msgs__rosidl_typesupport_introspection_c\n'}
[17.426586] (-) TimerEvent: {}
[17.527290] (-) TimerEvent: {}
[17.627951] (-) TimerEvent: {}
[17.728597] (-) TimerEvent: {}
[17.829333] (-) TimerEvent: {}
[17.930054] (-) TimerEvent: {}
[18.030858] (-) TimerEvent: {}
[18.131806] (-) TimerEvent: {}
[18.154138] (micro_ros_msgs) StdoutLine: {'line': b'[ 77%] \x1b[32m\x1b[1mLinking CXX shared library libmicro_ros_msgs__rosidl_typesupport_fastrtps_c.so\x1b[0m\n'}
[18.232024] (-) TimerEvent: {}
[18.332772] (-) TimerEvent: {}
[18.405233] (micro_ros_msgs) StdoutLine: {'line': b'[ 77%] Built target micro_ros_msgs__rosidl_typesupport_fastrtps_c\n'}
[18.432940] (-) TimerEvent: {}
[18.460529] (micro_ros_msgs) StdoutLine: {'line': b'[ 77%] Built target micro_ros_msgs\n'}
[18.516413] (micro_ros_msgs) StdoutLine: {'line': b'[ 79%] \x1b[34m\x1b[1mGenerating Python code for ROS interfaces\x1b[0m\n'}
[18.533075] (-) TimerEvent: {}
[18.633760] (-) TimerEvent: {}
[18.734736] (-) TimerEvent: {}
[18.835339] (-) TimerEvent: {}
[18.935954] (-) TimerEvent: {}
[19.036552] (-) TimerEvent: {}
[19.137114] (-) TimerEvent: {}
[19.237705] (-) TimerEvent: {}
[19.338362] (-) TimerEvent: {}
[19.438947] (-) TimerEvent: {}
[19.539540] (-) TimerEvent: {}
[19.640154] (-) TimerEvent: {}
[19.740755] (-) TimerEvent: {}
[19.841354] (-) TimerEvent: {}
[19.941935] (-) TimerEvent: {}
[20.042547] (-) TimerEvent: {}
[20.143098] (-) TimerEvent: {}
[20.243758] (-) TimerEvent: {}
[20.344500] (-) TimerEvent: {}
[20.445191] (-) TimerEvent: {}
[20.545777] (-) TimerEvent: {}
[20.646523] (-) TimerEvent: {}
[20.747588] (-) TimerEvent: {}
[20.764133] (micro_ros_msgs) StdoutLine: {'line': b'[ 79%] Built target micro_ros_msgs__py\n'}
[20.823277] (micro_ros_msgs) StdoutLine: {'line': b'[ 85%] \x1b[32mBuilding C object CMakeFiles/micro_ros_msgs__rosidl_generator_py.dir/rosidl_generator_py/micro_ros_msgs/msg/_node_s.c.o\x1b[0m\n'}
[20.824157] (micro_ros_msgs) StdoutLine: {'line': b'[ 85%] \x1b[32mBuilding C object CMakeFiles/micro_ros_msgs__rosidl_generator_py.dir/rosidl_generator_py/micro_ros_msgs/msg/_entity_s.c.o\x1b[0m\n'}
[20.824735] (micro_ros_msgs) StdoutLine: {'line': b'[ 85%] \x1b[32mBuilding C object CMakeFiles/micro_ros_msgs__rosidl_generator_py.dir/rosidl_generator_py/micro_ros_msgs/msg/_graph_s.c.o\x1b[0m\n'}
[20.847853] (-) TimerEvent: {}
[20.948832] (-) TimerEvent: {}
[21.049941] (-) TimerEvent: {}
[21.150743] (-) TimerEvent: {}
[21.251504] (-) TimerEvent: {}
[21.352326] (-) TimerEvent: {}
[21.353511] (micro_ros_msgs) StdoutLine: {'line': b'[ 87%] \x1b[32m\x1b[1mLinking C shared library rosidl_generator_py/micro_ros_msgs/libmicro_ros_msgs__rosidl_generator_py.so\x1b[0m\n'}
[21.452589] (-) TimerEvent: {}
[21.492828] (micro_ros_msgs) StdoutLine: {'line': b'[ 87%] Built target micro_ros_msgs__rosidl_generator_py\n'}
[21.552840] (-) TimerEvent: {}
[21.557248] (micro_ros_msgs) StdoutLine: {'line': b'[ 93%] \x1b[32mBuilding C object CMakeFiles/micro_ros_msgs__rosidl_typesupport_c__pyext.dir/rosidl_generator_py/micro_ros_msgs/_micro_ros_msgs_s.ep.rosidl_typesupport_c.c.o\x1b[0m\n'}
[21.558217] (micro_ros_msgs) StdoutLine: {'line': b'[ 93%] \x1b[32mBuilding C object CMakeFiles/micro_ros_msgs__rosidl_typesupport_fastrtps_c__pyext.dir/rosidl_generator_py/micro_ros_msgs/_micro_ros_msgs_s.ep.rosidl_typesupport_fastrtps_c.c.o\x1b[0m\n'}
[21.559173] (micro_ros_msgs) StdoutLine: {'line': b'[ 93%] \x1b[32mBuilding C object CMakeFiles/micro_ros_msgs__rosidl_typesupport_introspection_c__pyext.dir/rosidl_generator_py/micro_ros_msgs/_micro_ros_msgs_s.ep.rosidl_typesupport_introspection_c.c.o\x1b[0m\n'}
[21.653027] (-) TimerEvent: {}
[21.755165] (-) TimerEvent: {}
[21.855957] (-) TimerEvent: {}
[21.944704] (micro_ros_msgs) StdoutLine: {'line': b'[ 95%] \x1b[32m\x1b[1mLinking C shared library rosidl_generator_py/micro_ros_msgs/micro_ros_msgs_s__rosidl_typesupport_c.cpython-310-aarch64-linux-gnu.so\x1b[0m\n'}
[21.949729] (micro_ros_msgs) StdoutLine: {'line': b'[ 97%] \x1b[32m\x1b[1mLinking C shared library rosidl_generator_py/micro_ros_msgs/micro_ros_msgs_s__rosidl_typesupport_introspection_c.cpython-310-aarch64-linux-gnu.so\x1b[0m\n'}
[21.956176] (-) TimerEvent: {}
[21.962387] (micro_ros_msgs) StdoutLine: {'line': b'[100%] \x1b[32m\x1b[1mLinking C shared library rosidl_generator_py/micro_ros_msgs/micro_ros_msgs_s__rosidl_typesupport_fastrtps_c.cpython-310-aarch64-linux-gnu.so\x1b[0m\n'}
[22.056499] (-) TimerEvent: {}
[22.090157] (micro_ros_msgs) StdoutLine: {'line': b'[100%] Built target micro_ros_msgs__rosidl_typesupport_c__pyext\n'}
[22.100369] (micro_ros_msgs) StdoutLine: {'line': b'[100%] Built target micro_ros_msgs__rosidl_typesupport_introspection_c__pyext\n'}
[22.113279] (micro_ros_msgs) StdoutLine: {'line': b'[100%] Built target micro_ros_msgs__rosidl_typesupport_fastrtps_c__pyext\n'}
[22.147990] (micro_ros_msgs) CommandEnded: {'returncode': 0}
[22.149829] (micro_ros_msgs) JobProgress: {'identifier': 'micro_ros_msgs', 'progress': 'install'}
[22.156631] (-) TimerEvent: {}
[22.175030] (micro_ros_msgs) Command: {'cmd': ['/usr/bin/cmake', '--install', '/ros2_ws/uros_ws/build/micro_ros_msgs'], 'cwd': '/ros2_ws/uros_ws/build/micro_ros_msgs', 'env': OrderedDict([('HOSTNAME', 'CETOHLC-Pi'), ('SHLVL', '2'), ('LD_LIBRARY_PATH', '/opt/ros/humble/lib/aarch64-linux-gnu:/opt/ros/humble/lib'), ('HOME', '/root'), ('OLDPWD', '/ros2_ws/uros_ws/install'), ('PYTHONUNBUFFERED', '1'), ('ROS_PYTHON_VERSION', '3'), ('COLCON_PREFIX_PATH', '/ros2_ws/uros_ws/install:/ros2_ws/install'), ('ROS_DISTRO', 'humble'), ('_', '/usr/bin/colcon'), ('ROS_VERSION', '2'), ('TERM', 'xterm'), ('ROS_LOCALHOST_ONLY', '0'), ('PATH', '/opt/ros/humble/bin:/usr/local/sbin:/usr/local/bin:/usr/sbin:/usr/bin:/sbin:/bin'), ('LANG', 'C.UTF-8'), ('RMW_IMPLEMENTATION', 'rmw_cyclonedds_cpp'), ('LS_COLORS', 'rs=0:di=01;34:ln=01;36:mh=00:pi=40;33:so=01;35:do=01;35:bd=40;33;01:cd=40;33;01:or=40;31;01:mi=00:su=37;41:sg=30;43:ca=30;41:tw=30;42:ow=34;42:st=37;44:ex=01;32:*.tar=01;31:*.tgz=01;31:*.arc=01;31:*.arj=01;31:*.taz=01;31:*.lha=01;31:*.lz4=01;31:*.lzh=01;31:*.lzma=01;31:*.tlz=01;31:*.txz=01;31:*.tzo=01;31:*.t7z=01;31:*.zip=01;31:*.z=01;31:*.dz=01;31:*.gz=01;31:*.lrz=01;31:*.lz=01;31:*.lzo=01;31:*.xz=01;31:*.zst=01;31:*.tzst=01;31:*.bz2=01;31:*.bz=01;31:*.tbz=01;31:*.tbz2=01;31:*.tz=01;31:*.deb=01;31:*.rpm=01;31:*.jar=01;31:*.war=01;31:*.ear=01;31:*.sar=01;31:*.rar=01;31:*.alz=01;31:*.ace=01;31:*.zoo=01;31:*.cpio=01;31:*.7z=01;31:*.rz=01;31:*.cab=01;31:*.wim=01;31:*.swm=01;31:*.dwm=01;31:*.esd=01;31:*.jpg=01;35:*.jpeg=01;35:*.mjpg=01;35:*.mjpeg=01;35:*.gif=01;35:*.bmp=01;35:*.pbm=01;35:*.pgm=01;35:*.ppm=01;35:*.tga=01;35:*.xbm=01;35:*.xpm=01;35:*.tif=01;35:*.tiff=01;35:*.png=01;35:*.svg=01;35:*.svgz=01;35:*.mng=01;35:*.pcx=01;35:*.mov=01;35:*.mpg=01;35:*.mpeg=01;35:*.m2v=01;35:*.mkv=01;35:*.webm=01;35:*.webp=01;35:*.ogm=01;35:*.mp4=01;35:*.m4v=01;35:*.mp4v=01;35:*.vob=01;35:*.qt=01;35:*.nuv=01;35:*.wmv=01;35:*.asf=01;35:*.rm=01;35:*.rmvb=01;35:*.flc=01;35:*.avi=01;35:*.fli=01;35:*.flv=01;35:*.gl=01;35:*.dl=01;35:*.xcf=01;35:*.xwd=01;35:*.yuv=01;35:*.cgm=01;35:*.emf=01;35:*.ogv=01;35:*.ogx=01;35:*.aac=00;36:*.au=00;36:*.flac=00;36:*.m4a=00;36:*.mid=00;36:*.midi=00;36:*.mka=00;36:*.mp3=00;36:*.mpc=00;36:*.ogg=00;36:*.ra=00;36:*.wav=00;36:*.oga=00;36:*.opus=00;36:*.spx=00;36:*.xspf=00;36:'), ('ROS_DOMAIN_ID', '42'), ('AMENT_PREFIX_PATH', '/ros2_ws/uros_ws/install/micro_ros_setup:/ros2_ws/install/micro_ros_setup:/opt/ros/humble'), ('PWD', '/ros2_ws/uros_ws/build/micro_ros_msgs'), ('LC_ALL', 'C.UTF-8'), ('PYTHONPATH', '/opt/ros/humble/lib/python3.10/site-packages:/opt/ros/humble/local/lib/python3.10/dist-packages'), ('COLCON', '1'), ('CMAKE_PREFIX_PATH', '/ros2_ws/uros_ws/install/micro_ros_setup:/ros2_ws/install/micro_ros_setup:/opt/ros/humble')]), 'shell': False}
[22.200093] (micro_ros_msgs) StdoutLine: {'line': b'-- Install configuration: ""\n'}
[22.200772] (micro_ros_msgs) StdoutLine: {'line': b'-- Installing: /ros2_ws/uros_ws/install/micro_ros_msgs/share/ament_index/resource_index/rosidl_interfaces/micro_ros_msgs\n'}
[22.201340] (micro_ros_msgs) StdoutLine: {'line': b'-- Installing: /ros2_ws/uros_ws/install/micro_ros_msgs/include/micro_ros_msgs/micro_ros_msgs\n'}
[22.201835] (micro_ros_msgs) StdoutLine: {'line': b'-- Installing: /ros2_ws/uros_ws/install/micro_ros_msgs/include/micro_ros_msgs/micro_ros_msgs/msg\n'}
[22.202340] (micro_ros_msgs) StdoutLine: {'line': b'-- Installing: /ros2_ws/uros_ws/install/micro_ros_msgs/include/micro_ros_msgs/micro_ros_msgs/msg/graph.h\n'}
[22.202786] (micro_ros_msgs) StdoutLine: {'line': b'-- Installing: /ros2_ws/uros_ws/install/micro_ros_msgs/include/micro_ros_msgs/micro_ros_msgs/msg/node.h\n'}
[22.203280] (micro_ros_msgs) StdoutLine: {'line': b'-- Installing: /ros2_ws/uros_ws/install/micro_ros_msgs/include/micro_ros_msgs/micro_ros_msgs/msg/entity.h\n'}
[22.203711] (micro_ros_msgs) StdoutLine: {'line': b'-- Installing: /ros2_ws/uros_ws/install/micro_ros_msgs/include/micro_ros_msgs/micro_ros_msgs/msg/rosidl_generator_c__visibility_control.h\n'}
[22.204144] (micro_ros_msgs) StdoutLine: {'line': b'-- Installing: /ros2_ws/uros_ws/install/micro_ros_msgs/include/micro_ros_msgs/micro_ros_msgs/msg/detail\n'}
[22.204611] (micro_ros_msgs) StdoutLine: {'line': b'-- Installing: /ros2_ws/uros_ws/install/micro_ros_msgs/include/micro_ros_msgs/micro_ros_msgs/msg/detail/graph__functions.c\n'}
[22.205012] (micro_ros_msgs) StdoutLine: {'line': b'-- Installing: /ros2_ws/uros_ws/install/micro_ros_msgs/include/micro_ros_msgs/micro_ros_msgs/msg/detail/entity__struct.h\n'}
[22.205422] (micro_ros_msgs) StdoutLine: {'line': b'-- Installing: /ros2_ws/uros_ws/install/micro_ros_msgs/include/micro_ros_msgs/micro_ros_msgs/msg/detail/graph__functions.h\n'}
[22.205842] (micro_ros_msgs) StdoutLine: {'line': b'-- Installing: /ros2_ws/uros_ws/install/micro_ros_msgs/include/micro_ros_msgs/micro_ros_msgs/msg/detail/node__struct.h\n'}
[22.206325] (micro_ros_msgs) StdoutLine: {'line': b'-- Installing: /ros2_ws/uros_ws/install/micro_ros_msgs/include/micro_ros_msgs/micro_ros_msgs/msg/detail/graph__struct.h\n'}
[22.206778] (micro_ros_msgs) StdoutLine: {'line': b'-- Installing: /ros2_ws/uros_ws/install/micro_ros_msgs/include/micro_ros_msgs/micro_ros_msgs/msg/detail/entity__functions.c\n'}
[22.207266] (micro_ros_msgs) StdoutLine: {'line': b'-- Installing: /ros2_ws/uros_ws/install/micro_ros_msgs/include/micro_ros_msgs/micro_ros_msgs/msg/detail/node__functions.h\n'}
[22.207677] (micro_ros_msgs) StdoutLine: {'line': b'-- Installing: /ros2_ws/uros_ws/install/micro_ros_msgs/include/micro_ros_msgs/micro_ros_msgs/msg/detail/entity__functions.h\n'}
[22.208090] (micro_ros_msgs) StdoutLine: {'line': b'-- Installing: /ros2_ws/uros_ws/install/micro_ros_msgs/include/micro_ros_msgs/micro_ros_msgs/msg/detail/node__functions.c\n'}
[22.208426] (micro_ros_msgs) StdoutLine: {'line': b'-- Installing: /ros2_ws/uros_ws/install/micro_ros_msgs/include/micro_ros_msgs/micro_ros_msgs/msg/detail/node__type_support.h\n'}
[22.208873] (micro_ros_msgs) StdoutLine: {'line': b'-- Installing: /ros2_ws/uros_ws/install/micro_ros_msgs/include/micro_ros_msgs/micro_ros_msgs/msg/detail/entity__type_support.h\n'}
[22.209315] (micro_ros_msgs) StdoutLine: {'line': b'-- Installing: /ros2_ws/uros_ws/install/micro_ros_msgs/include/micro_ros_msgs/micro_ros_msgs/msg/detail/graph__type_support.h\n'}
[22.209656] (micro_ros_msgs) StdoutLine: {'line': b'-- Installing: /ros2_ws/uros_ws/install/micro_ros_msgs/share/micro_ros_msgs/environment/library_path.sh\n'}
[22.210114] (micro_ros_msgs) StdoutLine: {'line': b'-- Installing: /ros2_ws/uros_ws/install/micro_ros_msgs/share/micro_ros_msgs/environment/library_path.dsv\n'}
[22.210485] (micro_ros_msgs) StdoutLine: {'line': b'-- Installing: /ros2_ws/uros_ws/install/micro_ros_msgs/lib/libmicro_ros_msgs__rosidl_generator_c.so\n'}
[22.211014] (micro_ros_msgs) StdoutLine: {'line': b'-- Set runtime path of "/ros2_ws/uros_ws/install/micro_ros_msgs/lib/libmicro_ros_msgs__rosidl_generator_c.so" to ""\n'}
[22.211574] (micro_ros_msgs) StdoutLine: {'line': b'-- Up-to-date: /ros2_ws/uros_ws/install/micro_ros_msgs/include/micro_ros_msgs/micro_ros_msgs\n'}
[22.212055] (micro_ros_msgs) StdoutLine: {'line': b'-- Up-to-date: /ros2_ws/uros_ws/install/micro_ros_msgs/include/micro_ros_msgs/micro_ros_msgs/msg\n'}
[22.212466] (micro_ros_msgs) StdoutLine: {'line': b'-- Installing: /ros2_ws/uros_ws/install/micro_ros_msgs/include/micro_ros_msgs/micro_ros_msgs/msg/rosidl_typesupport_fastrtps_c__visibility_control.h\n'}
[22.212880] (micro_ros_msgs) StdoutLine: {'line': b'-- Up-to-date: /ros2_ws/uros_ws/install/micro_ros_msgs/include/micro_ros_msgs/micro_ros_msgs/msg/detail\n'}
[22.213221] (micro_ros_msgs) StdoutLine: {'line': b'-- Installing: /ros2_ws/uros_ws/install/micro_ros_msgs/include/micro_ros_msgs/micro_ros_msgs/msg/detail/node__rosidl_typesupport_fastrtps_c.h\n'}
[22.213640] (micro_ros_msgs) StdoutLine: {'line': b'-- Installing: /ros2_ws/uros_ws/install/micro_ros_msgs/include/micro_ros_msgs/micro_ros_msgs/msg/detail/entity__rosidl_typesupport_fastrtps_c.h\n'}
[22.213985] (micro_ros_msgs) StdoutLine: {'line': b'-- Installing: /ros2_ws/uros_ws/install/micro_ros_msgs/include/micro_ros_msgs/micro_ros_msgs/msg/detail/graph__rosidl_typesupport_fastrtps_c.h\n'}
[22.214319] (micro_ros_msgs) StdoutLine: {'line': b'-- Installing: /ros2_ws/uros_ws/install/micro_ros_msgs/lib/libmicro_ros_msgs__rosidl_typesupport_fastrtps_c.so\n'}
[22.214847] (micro_ros_msgs) StdoutLine: {'line': b'-- Set runtime path of "/ros2_ws/uros_ws/install/micro_ros_msgs/lib/libmicro_ros_msgs__rosidl_typesupport_fastrtps_c.so" to ""\n'}
[22.215271] (micro_ros_msgs) StdoutLine: {'line': b'-- Up-to-date: /ros2_ws/uros_ws/install/micro_ros_msgs/include/micro_ros_msgs/micro_ros_msgs\n'}
[22.215718] (micro_ros_msgs) StdoutLine: {'line': b'-- Up-to-date: /ros2_ws/uros_ws/install/micro_ros_msgs/include/micro_ros_msgs/micro_ros_msgs/msg\n'}
[22.216133] (micro_ros_msgs) StdoutLine: {'line': b'-- Installing: /ros2_ws/uros_ws/install/micro_ros_msgs/include/micro_ros_msgs/micro_ros_msgs/msg/rosidl_typesupport_introspection_c__visibility_control.h\n'}
[22.216596] (micro_ros_msgs) StdoutLine: {'line': b'-- Up-to-date: /ros2_ws/uros_ws/install/micro_ros_msgs/include/micro_ros_msgs/micro_ros_msgs/msg/detail\n'}
[22.217028] (micro_ros_msgs) StdoutLine: {'line': b'-- Installing: /ros2_ws/uros_ws/install/micro_ros_msgs/include/micro_ros_msgs/micro_ros_msgs/msg/detail/node__type_support.c\n'}
[22.217439] (micro_ros_msgs) StdoutLine: {'line': b'-- Installing: /ros2_ws/uros_ws/install/micro_ros_msgs/include/micro_ros_msgs/micro_ros_msgs/msg/detail/entity__type_support.c\n'}
[22.217855] (micro_ros_msgs) StdoutLine: {'line': b'-- Installing: /ros2_ws/uros_ws/install/micro_ros_msgs/include/micro_ros_msgs/micro_ros_msgs/msg/detail/graph__type_support.c\n'}
[22.218240] (micro_ros_msgs) StdoutLine: {'line': b'-- Installing: /ros2_ws/uros_ws/install/micro_ros_msgs/include/micro_ros_msgs/micro_ros_msgs/msg/detail/graph__rosidl_typesupport_introspection_c.h\n'}
[22.218560] (micro_ros_msgs) StdoutLine: {'line': b'-- Installing: /ros2_ws/uros_ws/install/micro_ros_msgs/include/micro_ros_msgs/micro_ros_msgs/msg/detail/node__rosidl_typesupport_introspection_c.h\n'}
[22.218855] (micro_ros_msgs) StdoutLine: {'line': b'-- Installing: /ros2_ws/uros_ws/install/micro_ros_msgs/include/micro_ros_msgs/micro_ros_msgs/msg/detail/entity__rosidl_typesupport_introspection_c.h\n'}
[22.219324] (micro_ros_msgs) StdoutLine: {'line': b'-- Installing: /ros2_ws/uros_ws/install/micro_ros_msgs/lib/libmicro_ros_msgs__rosidl_typesupport_introspection_c.so\n'}
[22.219660] (micro_ros_msgs) StdoutLine: {'line': b'-- Set runtime path of "/ros2_ws/uros_ws/install/micro_ros_msgs/lib/libmicro_ros_msgs__rosidl_typesupport_introspection_c.so" to ""\n'}
[22.219940] (micro_ros_msgs) StdoutLine: {'line': b'-- Installing: /ros2_ws/uros_ws/install/micro_ros_msgs/lib/libmicro_ros_msgs__rosidl_typesupport_c.so\n'}
[22.220326] (micro_ros_msgs) StdoutLine: {'line': b'-- Set runtime path of "/ros2_ws/uros_ws/install/micro_ros_msgs/lib/libmicro_ros_msgs__rosidl_typesupport_c.so" to ""\n'}
[22.220828] (micro_ros_msgs) StdoutLine: {'line': b'-- Up-to-date: /ros2_ws/uros_ws/install/micro_ros_msgs/include/micro_ros_msgs/micro_ros_msgs\n'}
[22.221240] (micro_ros_msgs) StdoutLine: {'line': b'-- Up-to-date: /ros2_ws/uros_ws/install/micro_ros_msgs/include/micro_ros_msgs/micro_ros_msgs/msg\n'}
[22.221639] (micro_ros_msgs) StdoutLine: {'line': b'-- Installing: /ros2_ws/uros_ws/install/micro_ros_msgs/include/micro_ros_msgs/micro_ros_msgs/msg/entity.hpp\n'}
[22.222138] (micro_ros_msgs) StdoutLine: {'line': b'-- Installing: /ros2_ws/uros_ws/install/micro_ros_msgs/include/micro_ros_msgs/micro_ros_msgs/msg/graph.hpp\n'}
[22.222620] (micro_ros_msgs) StdoutLine: {'line': b'-- Installing: /ros2_ws/uros_ws/install/micro_ros_msgs/include/micro_ros_msgs/micro_ros_msgs/msg/rosidl_generator_cpp__visibility_control.hpp\n'}
[22.223064] (micro_ros_msgs) StdoutLine: {'line': b'-- Up-to-date: /ros2_ws/uros_ws/install/micro_ros_msgs/include/micro_ros_msgs/micro_ros_msgs/msg/detail\n'}
[22.223464] (micro_ros_msgs) StdoutLine: {'line': b'-- Installing: /ros2_ws/uros_ws/install/micro_ros_msgs/include/micro_ros_msgs/micro_ros_msgs/msg/detail/node__type_support.hpp\n'}
[22.223930] (micro_ros_msgs) StdoutLine: {'line': b'-- Installing: /ros2_ws/uros_ws/install/micro_ros_msgs/include/micro_ros_msgs/micro_ros_msgs/msg/detail/graph__type_support.hpp\n'}
[22.224361] (micro_ros_msgs) StdoutLine: {'line': b'-- Installing: /ros2_ws/uros_ws/install/micro_ros_msgs/include/micro_ros_msgs/micro_ros_msgs/msg/detail/graph__struct.hpp\n'}
[22.224765] (micro_ros_msgs) StdoutLine: {'line': b'-- Installing: /ros2_ws/uros_ws/install/micro_ros_msgs/include/micro_ros_msgs/micro_ros_msgs/msg/detail/node__traits.hpp\n'}
[22.225169] (micro_ros_msgs) StdoutLine: {'line': b'-- Installing: /ros2_ws/uros_ws/install/micro_ros_msgs/include/micro_ros_msgs/micro_ros_msgs/msg/detail/node__struct.hpp\n'}
[22.225620] (micro_ros_msgs) StdoutLine: {'line': b'-- Installing: /ros2_ws/uros_ws/install/micro_ros_msgs/include/micro_ros_msgs/micro_ros_msgs/msg/detail/graph__builder.hpp\n'}
[22.226037] (micro_ros_msgs) StdoutLine: {'line': b'-- Installing: /ros2_ws/uros_ws/install/micro_ros_msgs/include/micro_ros_msgs/micro_ros_msgs/msg/detail/entity__type_support.hpp\n'}
[22.226525] (micro_ros_msgs) StdoutLine: {'line': b'-- Installing: /ros2_ws/uros_ws/install/micro_ros_msgs/include/micro_ros_msgs/micro_ros_msgs/msg/detail/entity__struct.hpp\n'}
[22.226974] (micro_ros_msgs) StdoutLine: {'line': b'-- Installing: /ros2_ws/uros_ws/install/micro_ros_msgs/include/micro_ros_msgs/micro_ros_msgs/msg/detail/entity__builder.hpp\n'}
[22.227465] (micro_ros_msgs) StdoutLine: {'line': b'-- Installing: /ros2_ws/uros_ws/install/micro_ros_msgs/include/micro_ros_msgs/micro_ros_msgs/msg/detail/node__builder.hpp\n'}
[22.227929] (micro_ros_msgs) StdoutLine: {'line': b'-- Installing: /ros2_ws/uros_ws/install/micro_ros_msgs/include/micro_ros_msgs/micro_ros_msgs/msg/detail/entity__traits.hpp\n'}
[22.228353] (micro_ros_msgs) StdoutLine: {'line': b'-- Installing: /ros2_ws/uros_ws/install/micro_ros_msgs/include/micro_ros_msgs/micro_ros_msgs/msg/detail/graph__traits.hpp\n'}
[22.228698] (micro_ros_msgs) StdoutLine: {'line': b'-- Installing: /ros2_ws/uros_ws/install/micro_ros_msgs/include/micro_ros_msgs/micro_ros_msgs/msg/node.hpp\n'}
[22.229119] (micro_ros_msgs) StdoutLine: {'line': b'-- Up-to-date: /ros2_ws/uros_ws/install/micro_ros_msgs/include/micro_ros_msgs/micro_ros_msgs\n'}
[22.229425] (micro_ros_msgs) StdoutLine: {'line': b'-- Up-to-date: /ros2_ws/uros_ws/install/micro_ros_msgs/include/micro_ros_msgs/micro_ros_msgs/msg\n'}
[22.229736] (micro_ros_msgs) StdoutLine: {'line': b'-- Installing: /ros2_ws/uros_ws/install/micro_ros_msgs/include/micro_ros_msgs/micro_ros_msgs/msg/rosidl_typesupport_fastrtps_cpp__visibility_control.h\n'}
[22.230017] (micro_ros_msgs) StdoutLine: {'line': b'-- Up-to-date: /ros2_ws/uros_ws/install/micro_ros_msgs/include/micro_ros_msgs/micro_ros_msgs/msg/detail\n'}
[22.230359] (micro_ros_msgs) StdoutLine: {'line': b'-- Installing: /ros2_ws/uros_ws/install/micro_ros_msgs/include/micro_ros_msgs/micro_ros_msgs/msg/detail/graph__rosidl_typesupport_fastrtps_cpp.hpp\n'}
[22.230970] (micro_ros_msgs) StdoutLine: {'line': b'-- Installing: /ros2_ws/uros_ws/install/micro_ros_msgs/include/micro_ros_msgs/micro_ros_msgs/msg/detail/node__rosidl_typesupport_fastrtps_cpp.hpp\n'}
[22.231394] (micro_ros_msgs) StdoutLine: {'line': b'-- Installing: /ros2_ws/uros_ws/install/micro_ros_msgs/include/micro_ros_msgs/micro_ros_msgs/msg/detail/dds_fastrtps\n'}
[22.231812] (micro_ros_msgs) StdoutLine: {'line': b'-- Installing: /ros2_ws/uros_ws/install/micro_ros_msgs/include/micro_ros_msgs/micro_ros_msgs/msg/detail/entity__rosidl_typesupport_fastrtps_cpp.hpp\n'}
[22.232226] (micro_ros_msgs) StdoutLine: {'line': b'-- Installing: /ros2_ws/uros_ws/install/micro_ros_msgs/lib/libmicro_ros_msgs__rosidl_typesupport_fastrtps_cpp.so\n'}
[22.232638] (micro_ros_msgs) StdoutLine: {'line': b'-- Set runtime path of "/ros2_ws/uros_ws/install/micro_ros_msgs/lib/libmicro_ros_msgs__rosidl_typesupport_fastrtps_cpp.so" to ""\n'}
[22.233099] (micro_ros_msgs) StdoutLine: {'line': b'-- Up-to-date: /ros2_ws/uros_ws/install/micro_ros_msgs/include/micro_ros_msgs/micro_ros_msgs\n'}
[22.233457] (micro_ros_msgs) StdoutLine: {'line': b'-- Up-to-date: /ros2_ws/uros_ws/install/micro_ros_msgs/include/micro_ros_msgs/micro_ros_msgs/msg\n'}
[22.233875] (micro_ros_msgs) StdoutLine: {'line': b'-- Up-to-date: /ros2_ws/uros_ws/install/micro_ros_msgs/include/micro_ros_msgs/micro_ros_msgs/msg/detail\n'}
[22.234252] (micro_ros_msgs) StdoutLine: {'line': b'-- Installing: /ros2_ws/uros_ws/install/micro_ros_msgs/include/micro_ros_msgs/micro_ros_msgs/msg/detail/node__type_support.cpp\n'}
[22.234591] (micro_ros_msgs) StdoutLine: {'line': b'-- Installing: /ros2_ws/uros_ws/install/micro_ros_msgs/include/micro_ros_msgs/micro_ros_msgs/msg/detail/entity__type_support.cpp\n'}
[22.234896] (micro_ros_msgs) StdoutLine: {'line': b'-- Installing: /ros2_ws/uros_ws/install/micro_ros_msgs/include/micro_ros_msgs/micro_ros_msgs/msg/detail/node__rosidl_typesupport_introspection_cpp.hpp\n'}
[22.235157] (micro_ros_msgs) StdoutLine: {'line': b'-- Installing: /ros2_ws/uros_ws/install/micro_ros_msgs/include/micro_ros_msgs/micro_ros_msgs/msg/detail/graph__type_support.cpp\n'}
[22.235559] (micro_ros_msgs) StdoutLine: {'line': b'-- Installing: /ros2_ws/uros_ws/install/micro_ros_msgs/include/micro_ros_msgs/micro_ros_msgs/msg/detail/entity__rosidl_typesupport_introspection_cpp.hpp\n'}
[22.235978] (micro_ros_msgs) StdoutLine: {'line': b'-- Installing: /ros2_ws/uros_ws/install/micro_ros_msgs/include/micro_ros_msgs/micro_ros_msgs/msg/detail/graph__rosidl_typesupport_introspection_cpp.hpp\n'}
[22.236334] (micro_ros_msgs) StdoutLine: {'line': b'-- Installing: /ros2_ws/uros_ws/install/micro_ros_msgs/lib/libmicro_ros_msgs__rosidl_typesupport_introspection_cpp.so\n'}
[22.236622] (micro_ros_msgs) StdoutLine: {'line': b'-- Set runtime path of "/ros2_ws/uros_ws/install/micro_ros_msgs/lib/libmicro_ros_msgs__rosidl_typesupport_introspection_cpp.so" to ""\n'}
[22.237096] (micro_ros_msgs) StdoutLine: {'line': b'-- Installing: /ros2_ws/uros_ws/install/micro_ros_msgs/lib/libmicro_ros_msgs__rosidl_typesupport_cpp.so\n'}
[22.237518] (micro_ros_msgs) StdoutLine: {'line': b'-- Set runtime path of "/ros2_ws/uros_ws/install/micro_ros_msgs/lib/libmicro_ros_msgs__rosidl_typesupport_cpp.so" to ""\n'}
[22.237863] (micro_ros_msgs) StdoutLine: {'line': b'-- Installing: /ros2_ws/uros_ws/install/micro_ros_msgs/share/micro_ros_msgs/environment/pythonpath.sh\n'}
[22.238321] (micro_ros_msgs) StdoutLine: {'line': b'-- Installing: /ros2_ws/uros_ws/install/micro_ros_msgs/share/micro_ros_msgs/environment/pythonpath.dsv\n'}
[22.238766] (micro_ros_msgs) StdoutLine: {'line': b'-- Installing: /ros2_ws/uros_ws/install/micro_ros_msgs/local/lib/python3.10/dist-packages/micro_ros_msgs-3.0.1-py3.10.egg-info\n'}
[22.239166] (micro_ros_msgs) StdoutLine: {'line': b'-- Installing: /ros2_ws/uros_ws/install/micro_ros_msgs/local/lib/python3.10/dist-packages/micro_ros_msgs-3.0.1-py3.10.egg-info/dependency_links.txt\n'}
[22.239656] (micro_ros_msgs) StdoutLine: {'line': b'-- Installing: /ros2_ws/uros_ws/install/micro_ros_msgs/local/lib/python3.10/dist-packages/micro_ros_msgs-3.0.1-py3.10.egg-info/top_level.txt\n'}
[22.240009] (micro_ros_msgs) StdoutLine: {'line': b'-- Installing: /ros2_ws/uros_ws/install/micro_ros_msgs/local/lib/python3.10/dist-packages/micro_ros_msgs-3.0.1-py3.10.egg-info/SOURCES.txt\n'}
[22.240487] (micro_ros_msgs) StdoutLine: {'line': b'-- Installing: /ros2_ws/uros_ws/install/micro_ros_msgs/local/lib/python3.10/dist-packages/micro_ros_msgs-3.0.1-py3.10.egg-info/PKG-INFO\n'}
[22.240901] (micro_ros_msgs) StdoutLine: {'line': b'-- Installing: /ros2_ws/uros_ws/install/micro_ros_msgs/local/lib/python3.10/dist-packages/micro_ros_msgs\n'}
[22.241330] (micro_ros_msgs) StdoutLine: {'line': b'-- Installing: /ros2_ws/uros_ws/install/micro_ros_msgs/local/lib/python3.10/dist-packages/micro_ros_msgs/libmicro_ros_msgs__rosidl_generator_py.so\n'}
[22.241751] (micro_ros_msgs) StdoutLine: {'line': b'-- Installing: /ros2_ws/uros_ws/install/micro_ros_msgs/local/lib/python3.10/dist-packages/micro_ros_msgs/msg\n'}
[22.242216] (micro_ros_msgs) StdoutLine: {'line': b'-- Installing: /ros2_ws/uros_ws/install/micro_ros_msgs/local/lib/python3.10/dist-packages/micro_ros_msgs/msg/_node.py\n'}
[22.242659] (micro_ros_msgs) StdoutLine: {'line': b'-- Installing: /ros2_ws/uros_ws/install/micro_ros_msgs/local/lib/python3.10/dist-packages/micro_ros_msgs/msg/_node_s.c\n'}
[22.243128] (micro_ros_msgs) StdoutLine: {'line': b'-- Installing: /ros2_ws/uros_ws/install/micro_ros_msgs/local/lib/python3.10/dist-packages/micro_ros_msgs/msg/_graph.py\n'}
[22.243548] (micro_ros_msgs) StdoutLine: {'line': b'-- Installing: /ros2_ws/uros_ws/install/micro_ros_msgs/local/lib/python3.10/dist-packages/micro_ros_msgs/msg/_graph_s.c\n'}
[22.243959] (micro_ros_msgs) StdoutLine: {'line': b'-- Installing: /ros2_ws/uros_ws/install/micro_ros_msgs/local/lib/python3.10/dist-packages/micro_ros_msgs/msg/_entity.py\n'}
[22.244378] (micro_ros_msgs) StdoutLine: {'line': b'-- Installing: /ros2_ws/uros_ws/install/micro_ros_msgs/local/lib/python3.10/dist-packages/micro_ros_msgs/msg/_entity_s.c\n'}
[22.244807] (micro_ros_msgs) StdoutLine: {'line': b'-- Installing: /ros2_ws/uros_ws/install/micro_ros_msgs/local/lib/python3.10/dist-packages/micro_ros_msgs/msg/__init__.py\n'}
[22.245229] (micro_ros_msgs) StdoutLine: {'line': b'-- Installing: /ros2_ws/uros_ws/install/micro_ros_msgs/local/lib/python3.10/dist-packages/micro_ros_msgs/micro_ros_msgs_s__rosidl_typesupport_introspection_c.cpython-310-aarch64-linux-gnu.so\n'}
[22.245643] (micro_ros_msgs) StdoutLine: {'line': b'-- Installing: /ros2_ws/uros_ws/install/micro_ros_msgs/local/lib/python3.10/dist-packages/micro_ros_msgs/micro_ros_msgs_s__rosidl_typesupport_fastrtps_c.cpython-310-aarch64-linux-gnu.so\n'}
[22.246106] (micro_ros_msgs) StdoutLine: {'line': b'-- Installing: /ros2_ws/uros_ws/install/micro_ros_msgs/local/lib/python3.10/dist-packages/micro_ros_msgs/_micro_ros_msgs_s.ep.rosidl_typesupport_introspection_c.c\n'}
[22.246561] (micro_ros_msgs) StdoutLine: {'line': b'-- Installing: /ros2_ws/uros_ws/install/micro_ros_msgs/local/lib/python3.10/dist-packages/micro_ros_msgs/_micro_ros_msgs_s.ep.rosidl_typesupport_c.c\n'}
[22.246903] (micro_ros_msgs) StdoutLine: {'line': b'-- Installing: /ros2_ws/uros_ws/install/micro_ros_msgs/local/lib/python3.10/dist-packages/micro_ros_msgs/micro_ros_msgs_s__rosidl_typesupport_c.cpython-310-aarch64-linux-gnu.so\n'}
[22.247191] (micro_ros_msgs) StdoutLine: {'line': b'-- Installing: /ros2_ws/uros_ws/install/micro_ros_msgs/local/lib/python3.10/dist-packages/micro_ros_msgs/_micro_ros_msgs_s.ep.rosidl_typesupport_fastrtps_c.c\n'}
[22.247494] (micro_ros_msgs) StdoutLine: {'line': b'-- Installing: /ros2_ws/uros_ws/install/micro_ros_msgs/local/lib/python3.10/dist-packages/micro_ros_msgs/__init__.py\n'}
[22.256758] (-) TimerEvent: {}
[22.357397] (-) TimerEvent: {}
[22.358266] (micro_ros_msgs) StdoutLine: {'line': b"Listing '/ros2_ws/uros_ws/install/micro_ros_msgs/local/lib/python3.10/dist-packages/micro_ros_msgs'...\n"}
[22.359068] (micro_ros_msgs) StdoutLine: {'line': b"Compiling '/ros2_ws/uros_ws/install/micro_ros_msgs/local/lib/python3.10/dist-packages/micro_ros_msgs/__init__.py'...\n"}
[22.363550] (micro_ros_msgs) StdoutLine: {'line': b"Listing '/ros2_ws/uros_ws/install/micro_ros_msgs/local/lib/python3.10/dist-packages/micro_ros_msgs/msg'...\n"}
[22.364129] (micro_ros_msgs) StdoutLine: {'line': b"Compiling '/ros2_ws/uros_ws/install/micro_ros_msgs/local/lib/python3.10/dist-packages/micro_ros_msgs/msg/__init__.py'...\n"}
[22.364939] (micro_ros_msgs) StdoutLine: {'line': b"Compiling '/ros2_ws/uros_ws/install/micro_ros_msgs/local/lib/python3.10/dist-packages/micro_ros_msgs/msg/_entity.py'...\n"}
[22.370233] (micro_ros_msgs) StdoutLine: {'line': b"Compiling '/ros2_ws/uros_ws/install/micro_ros_msgs/local/lib/python3.10/dist-packages/micro_ros_msgs/msg/_graph.py'...\n"}
[22.373516] (micro_ros_msgs) StdoutLine: {'line': b"Compiling '/ros2_ws/uros_ws/install/micro_ros_msgs/local/lib/python3.10/dist-packages/micro_ros_msgs/msg/_node.py'...\n"}
[22.400822] (micro_ros_msgs) StdoutLine: {'line': b'-- Installing: /ros2_ws/uros_ws/install/micro_ros_msgs/local/lib/python3.10/dist-packages/micro_ros_msgs/micro_ros_msgs_s__rosidl_typesupport_fastrtps_c.cpython-310-aarch64-linux-gnu.so\n'}
[22.401846] (micro_ros_msgs) StdoutLine: {'line': b'-- Set runtime path of "/ros2_ws/uros_ws/install/micro_ros_msgs/local/lib/python3.10/dist-packages/micro_ros_msgs/micro_ros_msgs_s__rosidl_typesupport_fastrtps_c.cpython-310-aarch64-linux-gnu.so" to ""\n'}
[22.402608] (micro_ros_msgs) StdoutLine: {'line': b'-- Installing: /ros2_ws/uros_ws/install/micro_ros_msgs/local/lib/python3.10/dist-packages/micro_ros_msgs/micro_ros_msgs_s__rosidl_typesupport_introspection_c.cpython-310-aarch64-linux-gnu.so\n'}
[22.403703] (micro_ros_msgs) StdoutLine: {'line': b'-- Set runtime path of "/ros2_ws/uros_ws/install/micro_ros_msgs/local/lib/python3.10/dist-packages/micro_ros_msgs/micro_ros_msgs_s__rosidl_typesupport_introspection_c.cpython-310-aarch64-linux-gnu.so" to ""\n'}
[22.404370] (micro_ros_msgs) StdoutLine: {'line': b'-- Installing: /ros2_ws/uros_ws/install/micro_ros_msgs/local/lib/python3.10/dist-packages/micro_ros_msgs/micro_ros_msgs_s__rosidl_typesupport_c.cpython-310-aarch64-linux-gnu.so\n'}
[22.405418] (micro_ros_msgs) StdoutLine: {'line': b'-- Set runtime path of "/ros2_ws/uros_ws/install/micro_ros_msgs/local/lib/python3.10/dist-packages/micro_ros_msgs/micro_ros_msgs_s__rosidl_typesupport_c.cpython-310-aarch64-linux-gnu.so" to ""\n'}
[22.405927] (micro_ros_msgs) StdoutLine: {'line': b'-- Installing: /ros2_ws/uros_ws/install/micro_ros_msgs/lib/libmicro_ros_msgs__rosidl_generator_py.so\n'}
[22.406936] (micro_ros_msgs) StdoutLine: {'line': b'-- Set runtime path of "/ros2_ws/uros_ws/install/micro_ros_msgs/lib/libmicro_ros_msgs__rosidl_generator_py.so" to ""\n'}
[22.407448] (micro_ros_msgs) StdoutLine: {'line': b'-- Installing: /ros2_ws/uros_ws/install/micro_ros_msgs/share/ament_index/resource_index/rust_packages/micro_ros_msgs\n'}
[22.407911] (micro_ros_msgs) StdoutLine: {'line': b'-- Installing: /ros2_ws/uros_ws/install/micro_ros_msgs/share/micro_ros_msgs/rust\n'}
[22.408409] (micro_ros_msgs) StdoutLine: {'line': b'-- Installing: /ros2_ws/uros_ws/install/micro_ros_msgs/share/micro_ros_msgs/rust/src\n'}
[22.408833] (micro_ros_msgs) StdoutLine: {'line': b'-- Installing: /ros2_ws/uros_ws/install/micro_ros_msgs/share/micro_ros_msgs/rust/src/msg\n'}
[22.409254] (micro_ros_msgs) StdoutLine: {'line': b'-- Installing: /ros2_ws/uros_ws/install/micro_ros_msgs/share/micro_ros_msgs/rust/src/msg/rmw.rs\n'}
[22.409721] (micro_ros_msgs) StdoutLine: {'line': b'-- Installing: /ros2_ws/uros_ws/install/micro_ros_msgs/share/micro_ros_msgs/rust/src/lib.rs\n'}
[22.410166] (micro_ros_msgs) StdoutLine: {'line': b'-- Installing: /ros2_ws/uros_ws/install/micro_ros_msgs/share/micro_ros_msgs/rust/src/msg.rs\n'}
[22.410545] (micro_ros_msgs) StdoutLine: {'line': b'-- Installing: /ros2_ws/uros_ws/install/micro_ros_msgs/share/micro_ros_msgs/rust/build.rs\n'}
[22.411001] (micro_ros_msgs) StdoutLine: {'line': b'-- Installing: /ros2_ws/uros_ws/install/micro_ros_msgs/share/micro_ros_msgs/rust/Cargo.toml\n'}
[22.411429] (micro_ros_msgs) StdoutLine: {'line': b'-- Installing: /ros2_ws/uros_ws/install/micro_ros_msgs/share/micro_ros_msgs/msg/Graph.idl\n'}
[22.411850] (micro_ros_msgs) StdoutLine: {'line': b'-- Installing: /ros2_ws/uros_ws/install/micro_ros_msgs/share/micro_ros_msgs/msg/Node.idl\n'}
[22.412268] (micro_ros_msgs) StdoutLine: {'line': b'-- Installing: /ros2_ws/uros_ws/install/micro_ros_msgs/share/micro_ros_msgs/msg/Entity.idl\n'}
[22.412625] (micro_ros_msgs) StdoutLine: {'line': b'-- Installing: /ros2_ws/uros_ws/install/micro_ros_msgs/share/micro_ros_msgs/msg/Graph.msg\n'}
[22.413055] (micro_ros_msgs) StdoutLine: {'line': b'-- Installing: /ros2_ws/uros_ws/install/micro_ros_msgs/share/micro_ros_msgs/msg/Node.msg\n'}
[22.413482] (micro_ros_msgs) StdoutLine: {'line': b'-- Installing: /ros2_ws/uros_ws/install/micro_ros_msgs/share/micro_ros_msgs/msg/Entity.msg\n'}
[22.413898] (micro_ros_msgs) StdoutLine: {'line': b'-- Installing: /ros2_ws/uros_ws/install/micro_ros_msgs/share/ament_index/resource_index/package_run_dependencies/micro_ros_msgs\n'}
[22.414505] (micro_ros_msgs) StdoutLine: {'line': b'-- Installing: /ros2_ws/uros_ws/install/micro_ros_msgs/share/ament_index/resource_index/parent_prefix_path/micro_ros_msgs\n'}
[22.415060] (micro_ros_msgs) StdoutLine: {'line': b'-- Installing: /ros2_ws/uros_ws/install/micro_ros_msgs/share/micro_ros_msgs/environment/ament_prefix_path.sh\n'}
[22.415591] (micro_ros_msgs) StdoutLine: {'line': b'-- Installing: /ros2_ws/uros_ws/install/micro_ros_msgs/share/micro_ros_msgs/environment/ament_prefix_path.dsv\n'}
[22.416111] (micro_ros_msgs) StdoutLine: {'line': b'-- Installing: /ros2_ws/uros_ws/install/micro_ros_msgs/share/micro_ros_msgs/environment/path.sh\n'}
[22.416616] (micro_ros_msgs) StdoutLine: {'line': b'-- Installing: /ros2_ws/uros_ws/install/micro_ros_msgs/share/micro_ros_msgs/environment/path.dsv\n'}
[22.417116] (micro_ros_msgs) StdoutLine: {'line': b'-- Installing: /ros2_ws/uros_ws/install/micro_ros_msgs/share/micro_ros_msgs/local_setup.bash\n'}
[22.417584] (micro_ros_msgs) StdoutLine: {'line': b'-- Installing: /ros2_ws/uros_ws/install/micro_ros_msgs/share/micro_ros_msgs/local_setup.sh\n'}
[22.418129] (micro_ros_msgs) StdoutLine: {'line': b'-- Installing: /ros2_ws/uros_ws/install/micro_ros_msgs/share/micro_ros_msgs/local_setup.zsh\n'}
[22.418723] (micro_ros_msgs) StdoutLine: {'line': b'-- Installing: /ros2_ws/uros_ws/install/micro_ros_msgs/share/micro_ros_msgs/local_setup.dsv\n'}
[22.419233] (micro_ros_msgs) StdoutLine: {'line': b'-- Installing: /ros2_ws/uros_ws/install/micro_ros_msgs/share/micro_ros_msgs/package.dsv\n'}
[22.419900] (micro_ros_msgs) StdoutLine: {'line': b'-- Installing: /ros2_ws/uros_ws/install/micro_ros_msgs/share/ament_index/resource_index/packages/micro_ros_msgs\n'}
[22.420555] (micro_ros_msgs) StdoutLine: {'line': b'-- Installing: /ros2_ws/uros_ws/install/micro_ros_msgs/share/micro_ros_msgs/cmake/export_micro_ros_msgs__rosidl_generator_cExport.cmake\n'}
[22.421057] (micro_ros_msgs) StdoutLine: {'line': b'-- Installing: /ros2_ws/uros_ws/install/micro_ros_msgs/share/micro_ros_msgs/cmake/export_micro_ros_msgs__rosidl_generator_cExport-noconfig.cmake\n'}
[22.421619] (micro_ros_msgs) StdoutLine: {'line': b'-- Installing: /ros2_ws/uros_ws/install/micro_ros_msgs/share/micro_ros_msgs/cmake/export_micro_ros_msgs__rosidl_typesupport_fastrtps_cExport.cmake\n'}
[22.422218] (micro_ros_msgs) StdoutLine: {'line': b'-- Installing: /ros2_ws/uros_ws/install/micro_ros_msgs/share/micro_ros_msgs/cmake/export_micro_ros_msgs__rosidl_typesupport_fastrtps_cExport-noconfig.cmake\n'}
[22.422856] (micro_ros_msgs) StdoutLine: {'line': b'-- Installing: /ros2_ws/uros_ws/install/micro_ros_msgs/share/micro_ros_msgs/cmake/micro_ros_msgs__rosidl_typesupport_introspection_cExport.cmake\n'}
[22.423385] (micro_ros_msgs) StdoutLine: {'line': b'-- Installing: /ros2_ws/uros_ws/install/micro_ros_msgs/share/micro_ros_msgs/cmake/micro_ros_msgs__rosidl_typesupport_introspection_cExport-noconfig.cmake\n'}
[22.423992] (micro_ros_msgs) StdoutLine: {'line': b'-- Installing: /ros2_ws/uros_ws/install/micro_ros_msgs/share/micro_ros_msgs/cmake/micro_ros_msgs__rosidl_typesupport_cExport.cmake\n'}
[22.424524] (micro_ros_msgs) StdoutLine: {'line': b'-- Installing: /ros2_ws/uros_ws/install/micro_ros_msgs/share/micro_ros_msgs/cmake/micro_ros_msgs__rosidl_typesupport_cExport-noconfig.cmake\n'}
[22.425079] (micro_ros_msgs) StdoutLine: {'line': b'-- Installing: /ros2_ws/uros_ws/install/micro_ros_msgs/share/micro_ros_msgs/cmake/export_micro_ros_msgs__rosidl_generator_cppExport.cmake\n'}
[22.425630] (micro_ros_msgs) StdoutLine: {'line': b'-- Installing: /ros2_ws/uros_ws/install/micro_ros_msgs/share/micro_ros_msgs/cmake/export_micro_ros_msgs__rosidl_typesupport_fastrtps_cppExport.cmake\n'}
[22.426225] (micro_ros_msgs) StdoutLine: {'line': b'-- Installing: /ros2_ws/uros_ws/install/micro_ros_msgs/share/micro_ros_msgs/cmake/export_micro_ros_msgs__rosidl_typesupport_fastrtps_cppExport-noconfig.cmake\n'}
[22.426796] (micro_ros_msgs) StdoutLine: {'line': b'-- Installing: /ros2_ws/uros_ws/install/micro_ros_msgs/share/micro_ros_msgs/cmake/micro_ros_msgs__rosidl_typesupport_introspection_cppExport.cmake\n'}
[22.427341] (micro_ros_msgs) StdoutLine: {'line': b'-- Installing: /ros2_ws/uros_ws/install/micro_ros_msgs/share/micro_ros_msgs/cmake/micro_ros_msgs__rosidl_typesupport_introspection_cppExport-noconfig.cmake\n'}
[22.427942] (micro_ros_msgs) StdoutLine: {'line': b'-- Installing: /ros2_ws/uros_ws/install/micro_ros_msgs/share/micro_ros_msgs/cmake/micro_ros_msgs__rosidl_typesupport_cppExport.cmake\n'}
[22.428500] (micro_ros_msgs) StdoutLine: {'line': b'-- Installing: /ros2_ws/uros_ws/install/micro_ros_msgs/share/micro_ros_msgs/cmake/micro_ros_msgs__rosidl_typesupport_cppExport-noconfig.cmake\n'}
[22.429048] (micro_ros_msgs) StdoutLine: {'line': b'-- Installing: /ros2_ws/uros_ws/install/micro_ros_msgs/share/micro_ros_msgs/cmake/export_micro_ros_msgs__rosidl_generator_pyExport.cmake\n'}
[22.429603] (micro_ros_msgs) StdoutLine: {'line': b'-- Installing: /ros2_ws/uros_ws/install/micro_ros_msgs/share/micro_ros_msgs/cmake/export_micro_ros_msgs__rosidl_generator_pyExport-noconfig.cmake\n'}
[22.430129] (micro_ros_msgs) StdoutLine: {'line': b'-- Installing: /ros2_ws/uros_ws/install/micro_ros_msgs/share/micro_ros_msgs/cmake/rosidl_cmake-extras.cmake\n'}
[22.430723] (micro_ros_msgs) StdoutLine: {'line': b'-- Installing: /ros2_ws/uros_ws/install/micro_ros_msgs/share/micro_ros_msgs/cmake/ament_cmake_export_include_directories-extras.cmake\n'}
[22.431229] (micro_ros_msgs) StdoutLine: {'line': b'-- Installing: /ros2_ws/uros_ws/install/micro_ros_msgs/share/micro_ros_msgs/cmake/ament_cmake_export_libraries-extras.cmake\n'}
[22.431796] (micro_ros_msgs) StdoutLine: {'line': b'-- Installing: /ros2_ws/uros_ws/install/micro_ros_msgs/share/micro_ros_msgs/cmake/ament_cmake_export_targets-extras.cmake\n'}
[22.432298] (micro_ros_msgs) StdoutLine: {'line': b'-- Installing: /ros2_ws/uros_ws/install/micro_ros_msgs/share/micro_ros_msgs/cmake/rosidl_cmake_export_typesupport_targets-extras.cmake\n'}
[22.432815] (micro_ros_msgs) StdoutLine: {'line': b'-- Installing: /ros2_ws/uros_ws/install/micro_ros_msgs/share/micro_ros_msgs/cmake/ament_cmake_export_dependencies-extras.cmake\n'}
[22.433345] (micro_ros_msgs) StdoutLine: {'line': b'-- Installing: /ros2_ws/uros_ws/install/micro_ros_msgs/share/micro_ros_msgs/cmake/rosidl_cmake_export_typesupport_libraries-extras.cmake\n'}
[22.433865] (micro_ros_msgs) StdoutLine: {'line': b'-- Installing: /ros2_ws/uros_ws/install/micro_ros_msgs/share/micro_ros_msgs/cmake/micro_ros_msgsConfig.cmake\n'}
[22.434367] (micro_ros_msgs) StdoutLine: {'line': b'-- Installing: /ros2_ws/uros_ws/install/micro_ros_msgs/share/micro_ros_msgs/cmake/micro_ros_msgsConfig-version.cmake\n'}
[22.434853] (micro_ros_msgs) StdoutLine: {'line': b'-- Installing: /ros2_ws/uros_ws/install/micro_ros_msgs/share/micro_ros_msgs/package.xml\n'}
[22.441388] (micro_ros_msgs) CommandEnded: {'returncode': 0}
[22.457628] (-) TimerEvent: {}
[22.535834] (micro_ros_msgs) JobEnded: {'identifier': 'micro_ros_msgs', 'rc': 0}
[22.539983] (micro_ros_agent) JobStarted: {'identifier': 'micro_ros_agent'}
[22.557825] (-) TimerEvent: {}
[22.561038] (micro_ros_agent) JobProgress: {'identifier': 'micro_ros_agent', 'progress': 'cmake'}
[22.562631] (micro_ros_agent) Command: {'cmd': ['/usr/bin/cmake', '/ros2_ws/uros_ws/src/uros/micro-ROS-Agent/micro_ros_agent', '-DUAGENT_BUILD_EXECUTABLE=OFF', '-DUAGENT_P2P_PROFILE=OFF', '--no-warn-unused-cli', '-DCMAKE_INSTALL_PREFIX=/ros2_ws/uros_ws/install/micro_ros_agent'], 'cwd': '/ros2_ws/uros_ws/build/micro_ros_agent', 'env': OrderedDict([('HOSTNAME', 'CETOHLC-Pi'), ('SHLVL', '2'), ('LD_LIBRARY_PATH', '/ros2_ws/uros_ws/install/micro_ros_msgs/lib:/opt/ros/humble/lib/aarch64-linux-gnu:/opt/ros/humble/lib'), ('HOME', '/root'), ('OLDPWD', '/ros2_ws/uros_ws/install'), ('PYTHONUNBUFFERED', '1'), ('ROS_PYTHON_VERSION', '3'), ('COLCON_PREFIX_PATH', '/ros2_ws/uros_ws/install:/ros2_ws/install'), ('ROS_DISTRO', 'humble'), ('_', '/usr/bin/colcon'), ('ROS_VERSION', '2'), ('TERM', 'xterm'), ('ROS_LOCALHOST_ONLY', '0'), ('PATH', '/opt/ros/humble/bin:/usr/local/sbin:/usr/local/bin:/usr/sbin:/usr/bin:/sbin:/bin'), ('LANG', 'C.UTF-8'), ('RMW_IMPLEMENTATION', 'rmw_cyclonedds_cpp'), ('LS_COLORS', 'rs=0:di=01;34:ln=01;36:mh=00:pi=40;33:so=01;35:do=01;35:bd=40;33;01:cd=40;33;01:or=40;31;01:mi=00:su=37;41:sg=30;43:ca=30;41:tw=30;42:ow=34;42:st=37;44:ex=01;32:*.tar=01;31:*.tgz=01;31:*.arc=01;31:*.arj=01;31:*.taz=01;31:*.lha=01;31:*.lz4=01;31:*.lzh=01;31:*.lzma=01;31:*.tlz=01;31:*.txz=01;31:*.tzo=01;31:*.t7z=01;31:*.zip=01;31:*.z=01;31:*.dz=01;31:*.gz=01;31:*.lrz=01;31:*.lz=01;31:*.lzo=01;31:*.xz=01;31:*.zst=01;31:*.tzst=01;31:*.bz2=01;31:*.bz=01;31:*.tbz=01;31:*.tbz2=01;31:*.tz=01;31:*.deb=01;31:*.rpm=01;31:*.jar=01;31:*.war=01;31:*.ear=01;31:*.sar=01;31:*.rar=01;31:*.alz=01;31:*.ace=01;31:*.zoo=01;31:*.cpio=01;31:*.7z=01;31:*.rz=01;31:*.cab=01;31:*.wim=01;31:*.swm=01;31:*.dwm=01;31:*.esd=01;31:*.jpg=01;35:*.jpeg=01;35:*.mjpg=01;35:*.mjpeg=01;35:*.gif=01;35:*.bmp=01;35:*.pbm=01;35:*.pgm=01;35:*.ppm=01;35:*.tga=01;35:*.xbm=01;35:*.xpm=01;35:*.tif=01;35:*.tiff=01;35:*.png=01;35:*.svg=01;35:*.svgz=01;35:*.mng=01;35:*.pcx=01;35:*.mov=01;35:*.mpg=01;35:*.mpeg=01;35:*.m2v=01;35:*.mkv=01;35:*.webm=01;35:*.webp=01;35:*.ogm=01;35:*.mp4=01;35:*.m4v=01;35:*.mp4v=01;35:*.vob=01;35:*.qt=01;35:*.nuv=01;35:*.wmv=01;35:*.asf=01;35:*.rm=01;35:*.rmvb=01;35:*.flc=01;35:*.avi=01;35:*.fli=01;35:*.flv=01;35:*.gl=01;35:*.dl=01;35:*.xcf=01;35:*.xwd=01;35:*.yuv=01;35:*.cgm=01;35:*.emf=01;35:*.ogv=01;35:*.ogx=01;35:*.aac=00;36:*.au=00;36:*.flac=00;36:*.m4a=00;36:*.mid=00;36:*.midi=00;36:*.mka=00;36:*.mp3=00;36:*.mpc=00;36:*.ogg=00;36:*.ra=00;36:*.wav=00;36:*.oga=00;36:*.opus=00;36:*.spx=00;36:*.xspf=00;36:'), ('ROS_DOMAIN_ID', '42'), ('AMENT_PREFIX_PATH', '/ros2_ws/uros_ws/install/micro_ros_msgs:/ros2_ws/uros_ws/install/micro_ros_setup:/ros2_ws/install/micro_ros_setup:/opt/ros/humble'), ('PWD', '/ros2_ws/uros_ws/build/micro_ros_agent'), ('LC_ALL', 'C.UTF-8'), ('PYTHONPATH', '/ros2_ws/uros_ws/install/micro_ros_msgs/local/lib/python3.10/dist-packages:/opt/ros/humble/lib/python3.10/site-packages:/opt/ros/humble/local/lib/python3.10/dist-packages'), ('COLCON', '1'), ('CMAKE_PREFIX_PATH', '/ros2_ws/uros_ws/install/micro_ros_msgs:/ros2_ws/uros_ws/install/micro_ros_setup:/ros2_ws/install/micro_ros_setup:/opt/ros/humble')]), 'shell': False}
[22.585201] (micro_ros_agent) StdoutLine: {'line': b'Not searching for unused variables given on the command line.\n'}
[22.658042] (-) TimerEvent: {}
[22.758907] (-) TimerEvent: {}
[22.767534] (micro_ros_agent) StdoutLine: {'line': b'-- The C compiler identification is GNU 11.4.0\n'}
[22.787210] (micro_ros_agent) StdoutLine: {'line': b'-- Detecting C compiler ABI info\n'}
[22.859096] (-) TimerEvent: {}
[22.959859] (-) TimerEvent: {}
[23.006039] (micro_ros_agent) StdoutLine: {'line': b'-- Detecting C compiler ABI info - done\n'}
[23.032693] (micro_ros_agent) StdoutLine: {'line': b'-- Check for working C compiler: /usr/bin/cc - skipped\n'}
[23.033447] (micro_ros_agent) StdoutLine: {'line': b'-- Detecting C compile features\n'}
[23.034800] (micro_ros_agent) StdoutLine: {'line': b'-- Detecting C compile features - done\n'}
[23.059986] (-) TimerEvent: {}
[23.160682] (-) TimerEvent: {}
[23.220450] (micro_ros_agent) StdoutLine: {'line': b'-- The CXX compiler identification is GNU 11.4.0\n'}
[23.238755] (micro_ros_agent) StdoutLine: {'line': b'-- Detecting CXX compiler ABI info\n'}
[23.260807] (-) TimerEvent: {}
[23.361501] (-) TimerEvent: {}
[23.462234] (-) TimerEvent: {}
[23.491520] (micro_ros_agent) StdoutLine: {'line': b'-- Detecting CXX compiler ABI info - done\n'}
[23.518491] (micro_ros_agent) StdoutLine: {'line': b'-- Check for working CXX compiler: /usr/bin/c++ - skipped\n'}
[23.519330] (micro_ros_agent) StdoutLine: {'line': b'-- Detecting CXX compile features\n'}
[23.520964] (micro_ros_agent) StdoutLine: {'line': b'-- Detecting CXX compile features - done\n'}
[23.562359] (-) TimerEvent: {}
[23.611370] (micro_ros_agent) StdoutLine: {'line': b'-- Configuring done\n'}
[23.621775] (micro_ros_agent) StdoutLine: {'line': b'-- Generating done\n'}
[23.626204] (micro_ros_agent) StdoutLine: {'line': b'-- Build files have been written to: /ros2_ws/uros_ws/build/micro_ros_agent\n'}
[23.638922] (micro_ros_agent) CommandEnded: {'returncode': 0}
[23.640414] (micro_ros_agent) JobProgress: {'identifier': 'micro_ros_agent', 'progress': 'build'}
[23.641104] (micro_ros_agent) Command: {'cmd': ['/usr/bin/cmake', '--build', '/ros2_ws/uros_ws/build/micro_ros_agent', '--', '-j4', '-l4'], 'cwd': '/ros2_ws/uros_ws/build/micro_ros_agent', 'env': OrderedDict([('HOSTNAME', 'CETOHLC-Pi'), ('SHLVL', '2'), ('LD_LIBRARY_PATH', '/ros2_ws/uros_ws/install/micro_ros_msgs/lib:/opt/ros/humble/lib/aarch64-linux-gnu:/opt/ros/humble/lib'), ('HOME', '/root'), ('OLDPWD', '/ros2_ws/uros_ws/install'), ('PYTHONUNBUFFERED', '1'), ('ROS_PYTHON_VERSION', '3'), ('COLCON_PREFIX_PATH', '/ros2_ws/uros_ws/install:/ros2_ws/install'), ('ROS_DISTRO', 'humble'), ('_', '/usr/bin/colcon'), ('ROS_VERSION', '2'), ('TERM', 'xterm'), ('ROS_LOCALHOST_ONLY', '0'), ('PATH', '/opt/ros/humble/bin:/usr/local/sbin:/usr/local/bin:/usr/sbin:/usr/bin:/sbin:/bin'), ('LANG', 'C.UTF-8'), ('RMW_IMPLEMENTATION', 'rmw_cyclonedds_cpp'), ('LS_COLORS', 'rs=0:di=01;34:ln=01;36:mh=00:pi=40;33:so=01;35:do=01;35:bd=40;33;01:cd=40;33;01:or=40;31;01:mi=00:su=37;41:sg=30;43:ca=30;41:tw=30;42:ow=34;42:st=37;44:ex=01;32:*.tar=01;31:*.tgz=01;31:*.arc=01;31:*.arj=01;31:*.taz=01;31:*.lha=01;31:*.lz4=01;31:*.lzh=01;31:*.lzma=01;31:*.tlz=01;31:*.txz=01;31:*.tzo=01;31:*.t7z=01;31:*.zip=01;31:*.z=01;31:*.dz=01;31:*.gz=01;31:*.lrz=01;31:*.lz=01;31:*.lzo=01;31:*.xz=01;31:*.zst=01;31:*.tzst=01;31:*.bz2=01;31:*.bz=01;31:*.tbz=01;31:*.tbz2=01;31:*.tz=01;31:*.deb=01;31:*.rpm=01;31:*.jar=01;31:*.war=01;31:*.ear=01;31:*.sar=01;31:*.rar=01;31:*.alz=01;31:*.ace=01;31:*.zoo=01;31:*.cpio=01;31:*.7z=01;31:*.rz=01;31:*.cab=01;31:*.wim=01;31:*.swm=01;31:*.dwm=01;31:*.esd=01;31:*.jpg=01;35:*.jpeg=01;35:*.mjpg=01;35:*.mjpeg=01;35:*.gif=01;35:*.bmp=01;35:*.pbm=01;35:*.pgm=01;35:*.ppm=01;35:*.tga=01;35:*.xbm=01;35:*.xpm=01;35:*.tif=01;35:*.tiff=01;35:*.png=01;35:*.svg=01;35:*.svgz=01;35:*.mng=01;35:*.pcx=01;35:*.mov=01;35:*.mpg=01;35:*.mpeg=01;35:*.m2v=01;35:*.mkv=01;35:*.webm=01;35:*.webp=01;35:*.ogm=01;35:*.mp4=01;35:*.m4v=01;35:*.mp4v=01;35:*.vob=01;35:*.qt=01;35:*.nuv=01;35:*.wmv=01;35:*.asf=01;35:*.rm=01;35:*.rmvb=01;35:*.flc=01;35:*.avi=01;35:*.fli=01;35:*.flv=01;35:*.gl=01;35:*.dl=01;35:*.xcf=01;35:*.xwd=01;35:*.yuv=01;35:*.cgm=01;35:*.emf=01;35:*.ogv=01;35:*.ogx=01;35:*.aac=00;36:*.au=00;36:*.flac=00;36:*.m4a=00;36:*.mid=00;36:*.midi=00;36:*.mka=00;36:*.mp3=00;36:*.mpc=00;36:*.ogg=00;36:*.ra=00;36:*.wav=00;36:*.oga=00;36:*.opus=00;36:*.spx=00;36:*.xspf=00;36:'), ('ROS_DOMAIN_ID', '42'), ('AMENT_PREFIX_PATH', '/ros2_ws/uros_ws/install/micro_ros_msgs:/ros2_ws/uros_ws/install/micro_ros_setup:/ros2_ws/install/micro_ros_setup:/opt/ros/humble'), ('PWD', '/ros2_ws/uros_ws/build/micro_ros_agent'), ('LC_ALL', 'C.UTF-8'), ('PYTHONPATH', '/ros2_ws/uros_ws/install/micro_ros_msgs/local/lib/python3.10/dist-packages:/opt/ros/humble/lib/python3.10/site-packages:/opt/ros/humble/local/lib/python3.10/dist-packages'), ('COLCON', '1'), ('CMAKE_PREFIX_PATH', '/ros2_ws/uros_ws/install/micro_ros_msgs:/ros2_ws/uros_ws/install/micro_ros_setup:/ros2_ws/install/micro_ros_setup:/opt/ros/humble')]), 'shell': False}
[23.662529] (-) TimerEvent: {}
[23.763200] (-) TimerEvent: {}
[23.772735] (micro_ros_agent) StdoutLine: {'line': b"[  6%] \x1b[34m\x1b[1mCreating directories for 'xrceagent'\x1b[0m\n"}
[23.863409] (-) TimerEvent: {}
[23.964140] (-) TimerEvent: {}
[23.975781] (micro_ros_agent) StdoutLine: {'line': b"[ 12%] \x1b[34m\x1b[1mPerforming download step (git clone) for 'xrceagent'\x1b[0m\n"}
[24.029514] (micro_ros_agent) StderrLine: {'line': b"Cloning into 'xrceagent'...\n"}
[24.064308] (-) TimerEvent: {}
[24.164911] (-) TimerEvent: {}
[24.265478] (-) TimerEvent: {}
[24.366015] (-) TimerEvent: {}
[24.466566] (-) TimerEvent: {}
[24.567095] (-) TimerEvent: {}
[24.667615] (-) TimerEvent: {}
[24.768266] (-) TimerEvent: {}
[24.868944] (-) TimerEvent: {}
[24.969528] (-) TimerEvent: {}
[25.070099] (-) TimerEvent: {}
[25.170694] (-) TimerEvent: {}
[25.271270] (-) TimerEvent: {}
[25.371850] (-) TimerEvent: {}
[25.472390] (-) TimerEvent: {}
[25.572965] (-) TimerEvent: {}
[25.673554] (-) TimerEvent: {}
[25.774179] (-) TimerEvent: {}
[25.874754] (-) TimerEvent: {}
[25.975334] (-) TimerEvent: {}
[26.075927] (-) TimerEvent: {}
[26.176493] (-) TimerEvent: {}
[26.277065] (-) TimerEvent: {}
[26.377634] (-) TimerEvent: {}
[26.478201] (-) TimerEvent: {}
[26.578742] (-) TimerEvent: {}
[26.679311] (-) TimerEvent: {}
[26.779876] (-) TimerEvent: {}
[26.880437] (-) TimerEvent: {}
[26.981016] (-) TimerEvent: {}
[27.081606] (-) TimerEvent: {}
[27.182213] (-) TimerEvent: {}
[27.282807] (-) TimerEvent: {}
[27.383365] (-) TimerEvent: {}
[27.483927] (-) TimerEvent: {}
[27.584481] (-) TimerEvent: {}
[27.685037] (-) TimerEvent: {}
[27.785600] (-) TimerEvent: {}
[27.886203] (-) TimerEvent: {}
[27.986779] (-) TimerEvent: {}
[28.087376] (-) TimerEvent: {}
[28.187975] (-) TimerEvent: {}
[28.288598] (-) TimerEvent: {}
[28.389437] (-) TimerEvent: {}
[28.490264] (-) TimerEvent: {}
[28.591088] (-) TimerEvent: {}
[28.691945] (-) TimerEvent: {}
[28.792821] (-) TimerEvent: {}
[28.893749] (-) TimerEvent: {}
[28.994706] (-) TimerEvent: {}
[29.095659] (-) TimerEvent: {}
[29.196652] (-) TimerEvent: {}
[29.297591] (-) TimerEvent: {}
[29.398570] (-) TimerEvent: {}
[29.499480] (-) TimerEvent: {}
[29.600392] (-) TimerEvent: {}
[29.701317] (-) TimerEvent: {}
[29.802257] (-) TimerEvent: {}
[29.903248] (-) TimerEvent: {}
[30.004193] (-) TimerEvent: {}
[30.105156] (-) TimerEvent: {}
[30.206139] (-) TimerEvent: {}
[30.307039] (-) TimerEvent: {}
[30.407937] (-) TimerEvent: {}
[30.508847] (-) TimerEvent: {}
[30.609750] (-) TimerEvent: {}
[30.710756] (-) TimerEvent: {}
[30.811600] (-) TimerEvent: {}
[30.912487] (-) TimerEvent: {}
[31.013360] (-) TimerEvent: {}
[31.114234] (-) TimerEvent: {}
[31.215103] (-) TimerEvent: {}
[31.315915] (-) TimerEvent: {}
[31.416758] (-) TimerEvent: {}
[31.517639] (-) TimerEvent: {}
[31.618566] (-) TimerEvent: {}
[31.719417] (-) TimerEvent: {}
[31.820273] (-) TimerEvent: {}
[31.921183] (-) TimerEvent: {}
[32.022037] (-) TimerEvent: {}
[32.122956] (-) TimerEvent: {}
[32.223815] (-) TimerEvent: {}
[32.324676] (-) TimerEvent: {}
[32.425511] (-) TimerEvent: {}
[32.526377] (-) TimerEvent: {}
[32.627219] (-) TimerEvent: {}
[32.728128] (-) TimerEvent: {}
[32.829051] (-) TimerEvent: {}
[32.929954] (-) TimerEvent: {}
[33.030973] (-) TimerEvent: {}
[33.132158] (-) TimerEvent: {}
[33.232987] (-) TimerEvent: {}
[33.333865] (-) TimerEvent: {}
[33.434803] (-) TimerEvent: {}
[33.535669] (-) TimerEvent: {}
[33.636640] (-) TimerEvent: {}
[33.737538] (-) TimerEvent: {}
[33.838439] (-) TimerEvent: {}
[33.939327] (-) TimerEvent: {}
[34.040203] (-) TimerEvent: {}
[34.141174] (-) TimerEvent: {}
[34.242189] (-) TimerEvent: {}
[34.343234] (-) TimerEvent: {}
[34.444196] (-) TimerEvent: {}
[34.545087] (-) TimerEvent: {}
[34.645979] (-) TimerEvent: {}
[34.746985] (-) TimerEvent: {}
[34.847923] (-) TimerEvent: {}
[34.948892] (-) TimerEvent: {}
[35.049797] (-) TimerEvent: {}
[35.150738] (-) TimerEvent: {}
[35.251582] (-) TimerEvent: {}
[35.352469] (-) TimerEvent: {}
[35.453517] (-) TimerEvent: {}
[35.554892] (-) TimerEvent: {}
[35.655796] (-) TimerEvent: {}
[35.756646] (-) TimerEvent: {}
[35.857658] (-) TimerEvent: {}
[35.958635] (-) TimerEvent: {}
[36.059541] (-) TimerEvent: {}
[36.160481] (-) TimerEvent: {}
[36.261361] (-) TimerEvent: {}
[36.362327] (-) TimerEvent: {}
[36.463173] (-) TimerEvent: {}
[36.564080] (-) TimerEvent: {}
[36.664966] (-) TimerEvent: {}
[36.765905] (-) TimerEvent: {}
[36.866855] (-) TimerEvent: {}
[36.967777] (-) TimerEvent: {}
[37.068669] (-) TimerEvent: {}
[37.169620] (-) TimerEvent: {}
[37.270552] (-) TimerEvent: {}
[37.371498] (-) TimerEvent: {}
[37.472478] (-) TimerEvent: {}
[37.573416] (-) TimerEvent: {}
[37.674409] (-) TimerEvent: {}
[37.775342] (-) TimerEvent: {}
[37.876264] (-) TimerEvent: {}
[37.977118] (-) TimerEvent: {}
[38.078167] (-) TimerEvent: {}
[38.179130] (-) TimerEvent: {}
[38.279981] (-) TimerEvent: {}
[38.380824] (-) TimerEvent: {}
[38.481722] (-) TimerEvent: {}
[38.582640] (-) TimerEvent: {}
[38.683597] (-) TimerEvent: {}
[38.784532] (-) TimerEvent: {}
[38.885385] (-) TimerEvent: {}
[38.986299] (-) TimerEvent: {}
[39.087268] (-) TimerEvent: {}
[39.188167] (-) TimerEvent: {}
[39.289041] (-) TimerEvent: {}
[39.389931] (-) TimerEvent: {}
[39.490851] (-) TimerEvent: {}
[39.591766] (-) TimerEvent: {}
[39.692585] (-) TimerEvent: {}
[39.793520] (-) TimerEvent: {}
[39.894453] (-) TimerEvent: {}
[39.995382] (-) TimerEvent: {}
[40.096398] (-) TimerEvent: {}
[40.197300] (-) TimerEvent: {}
[40.298248] (-) TimerEvent: {}
[40.399118] (-) TimerEvent: {}
[40.500029] (-) TimerEvent: {}
[40.600833] (-) TimerEvent: {}
[40.701684] (-) TimerEvent: {}
[40.802592] (-) TimerEvent: {}
[40.903460] (-) TimerEvent: {}
[41.004337] (-) TimerEvent: {}
[41.105441] (-) TimerEvent: {}
[41.206337] (-) TimerEvent: {}
[41.307240] (-) TimerEvent: {}
[41.408120] (-) TimerEvent: {}
[41.509005] (-) TimerEvent: {}
[41.609881] (-) TimerEvent: {}
[41.710800] (-) TimerEvent: {}
[41.811654] (-) TimerEvent: {}
[41.912522] (-) TimerEvent: {}
[42.013379] (-) TimerEvent: {}
[42.114272] (-) TimerEvent: {}
[42.215160] (-) TimerEvent: {}
[42.316049] (-) TimerEvent: {}
[42.416928] (-) TimerEvent: {}
[42.517801] (-) TimerEvent: {}
[42.618772] (-) TimerEvent: {}
[42.719675] (-) TimerEvent: {}
[42.820543] (-) TimerEvent: {}
[42.921405] (-) TimerEvent: {}
[43.022298] (-) TimerEvent: {}
[43.123255] (-) TimerEvent: {}
[43.224132] (-) TimerEvent: {}
[43.324988] (-) TimerEvent: {}
[43.425851] (-) TimerEvent: {}
[43.526772] (-) TimerEvent: {}
[43.627636] (-) TimerEvent: {}
[43.728507] (-) TimerEvent: {}
[43.829404] (-) TimerEvent: {}
[43.930258] (-) TimerEvent: {}
[44.031211] (-) TimerEvent: {}
[44.132405] (-) TimerEvent: {}
[44.233308] (-) TimerEvent: {}
[44.334237] (-) TimerEvent: {}
[44.435075] (-) TimerEvent: {}
[44.535996] (-) TimerEvent: {}
[44.636998] (-) TimerEvent: {}
[44.737854] (-) TimerEvent: {}
[44.838815] (-) TimerEvent: {}
[44.939715] (-) TimerEvent: {}
[45.040674] (-) TimerEvent: {}
[45.141630] (-) TimerEvent: {}
[45.242546] (-) TimerEvent: {}
[45.343373] (-) TimerEvent: {}
[45.444248] (-) TimerEvent: {}
[45.545103] (-) TimerEvent: {}
[45.645948] (-) TimerEvent: {}
[45.746866] (-) TimerEvent: {}
[45.847741] (-) TimerEvent: {}
[45.948645] (-) TimerEvent: {}
[46.049509] (-) TimerEvent: {}
[46.150423] (-) TimerEvent: {}
[46.251304] (-) TimerEvent: {}
[46.352160] (-) TimerEvent: {}
[46.453014] (-) TimerEvent: {}
[46.553863] (-) TimerEvent: {}
[46.654762] (-) TimerEvent: {}
[46.755579] (-) TimerEvent: {}
[46.856424] (-) TimerEvent: {}
[46.957250] (-) TimerEvent: {}
[47.058118] (-) TimerEvent: {}
[47.158950] (-) TimerEvent: {}
[47.259813] (-) TimerEvent: {}
[47.360467] (-) TimerEvent: {}
[47.462000] (-) TimerEvent: {}
[47.562660] (-) TimerEvent: {}
[47.663286] (-) TimerEvent: {}
[47.752489] (micro_ros_agent) StderrLine: {'line': b'HEAD is now at 57d0862 Release v2.4.2\n'}
[47.763454] (-) TimerEvent: {}
[47.864148] (-) TimerEvent: {}
[47.920651] (micro_ros_agent) StdoutLine: {'line': b"[ 18%] \x1b[34m\x1b[1mPerforming update step for 'xrceagent'\x1b[0m\n"}
[47.964389] (-) TimerEvent: {}
[47.992803] (micro_ros_agent) StdoutLine: {'line': b"[ 25%] \x1b[34m\x1b[1mNo patch step for 'xrceagent'\x1b[0m\n"}
[48.063662] (micro_ros_agent) StdoutLine: {'line': b"[ 31%] \x1b[34m\x1b[1mPerforming configure step for 'xrceagent'\x1b[0m\n"}
[48.064478] (-) TimerEvent: {}
[48.088473] (micro_ros_agent) StdoutLine: {'line': b'loading initial cache file /ros2_ws/uros_ws/build/micro_ros_agent/agent/tmp/xrceagent-cache-.cmake\n'}
[48.164718] (-) TimerEvent: {}
[48.265450] (-) TimerEvent: {}
[48.271250] (micro_ros_agent) StdoutLine: {'line': b'-- The C compiler identification is GNU 11.4.0\n'}
[48.290564] (micro_ros_agent) StdoutLine: {'line': b'-- Detecting C compiler ABI info\n'}
[48.365905] (-) TimerEvent: {}
[48.467321] (-) TimerEvent: {}
[48.509998] (micro_ros_agent) StdoutLine: {'line': b'-- Detecting C compiler ABI info - done\n'}
[48.536492] (micro_ros_agent) StdoutLine: {'line': b'-- Check for working C compiler: /usr/bin/cc - skipped\n'}
[48.537254] (micro_ros_agent) StdoutLine: {'line': b'-- Detecting C compile features\n'}
[48.538691] (micro_ros_agent) StdoutLine: {'line': b'-- Detecting C compile features - done\n'}
[48.567488] (-) TimerEvent: {}
[48.668224] (-) TimerEvent: {}
[48.723659] (micro_ros_agent) StdoutLine: {'line': b'-- The CXX compiler identification is GNU 11.4.0\n'}
[48.742117] (micro_ros_agent) StdoutLine: {'line': b'-- Detecting CXX compiler ABI info\n'}
[48.768386] (-) TimerEvent: {}
[48.869075] (-) TimerEvent: {}
[48.969761] (-) TimerEvent: {}
[48.996432] (micro_ros_agent) StdoutLine: {'line': b'-- Detecting CXX compiler ABI info - done\n'}
[49.024236] (micro_ros_agent) StdoutLine: {'line': b'-- Check for working CXX compiler: /usr/bin/c++ - skipped\n'}
[49.025079] (micro_ros_agent) StdoutLine: {'line': b'-- Detecting CXX compile features\n'}
[49.026790] (micro_ros_agent) StdoutLine: {'line': b'-- Detecting CXX compile features - done\n'}
[49.042927] (micro_ros_agent) StdoutLine: {'line': b'-- Looking for pthread.h\n'}
[49.069926] (-) TimerEvent: {}
[49.170664] (-) TimerEvent: {}
[49.271380] (-) TimerEvent: {}
[49.276187] (micro_ros_agent) StdoutLine: {'line': b'-- Looking for pthread.h - found\n'}
[49.276884] (micro_ros_agent) StdoutLine: {'line': b'-- Performing Test CMAKE_HAVE_LIBC_PTHREAD\n'}
[49.371556] (-) TimerEvent: {}
[49.472243] (-) TimerEvent: {}
[49.507231] (micro_ros_agent) StdoutLine: {'line': b'-- Performing Test CMAKE_HAVE_LIBC_PTHREAD - Success\n'}
[49.510053] (micro_ros_agent) StdoutLine: {'line': b'-- Found Threads: TRUE  \n'}
[49.548357] (micro_ros_agent) StdoutLine: {'line': b'-- Configuring done\n'}
[49.555437] (micro_ros_agent) StdoutLine: {'line': b'-- Generating done\n'}
[49.557670] (micro_ros_agent) StdoutLine: {'line': b'-- Build files have been written to: /ros2_ws/uros_ws/build/micro_ros_agent/agent/src/xrceagent-build\n'}
[49.572416] (-) TimerEvent: {}
[49.614717] (micro_ros_agent) StdoutLine: {'line': b"[ 37%] \x1b[34m\x1b[1mPerforming build step for 'xrceagent'\x1b[0m\n"}
[49.672594] (-) TimerEvent: {}
[49.727568] (micro_ros_agent) StdoutLine: {'line': b"[ 12%] \x1b[34m\x1b[1mCreating directories for 'uagent'\x1b[0m\n"}
[49.772794] (-) TimerEvent: {}
[49.873530] (-) TimerEvent: {}
[49.930701] (micro_ros_agent) StdoutLine: {'line': b"[ 25%] \x1b[34m\x1b[1mNo download step for 'uagent'\x1b[0m\n"}
[49.973708] (-) TimerEvent: {}
[49.999910] (micro_ros_agent) StdoutLine: {'line': b"[ 37%] \x1b[34m\x1b[1mNo update step for 'uagent'\x1b[0m\n"}
[50.070065] (micro_ros_agent) StdoutLine: {'line': b"[ 50%] \x1b[34m\x1b[1mNo patch step for 'uagent'\x1b[0m\n"}
[50.073880] (-) TimerEvent: {}
[50.140066] (micro_ros_agent) StdoutLine: {'line': b"[ 62%] \x1b[34m\x1b[1mPerforming configure step for 'uagent'\x1b[0m\n"}
[50.165452] (micro_ros_agent) StdoutLine: {'line': b'loading initial cache file /ros2_ws/uros_ws/build/micro_ros_agent/agent/src/xrceagent-build/uagent-prefix/tmp/uagent-cache-.cmake\n'}
[50.174027] (-) TimerEvent: {}
[50.181930] (micro_ros_agent) StdoutLine: {'line': b"-- Setting build type to 'Release' as none was specified.\n"}
[50.226444] (micro_ros_agent) StderrLine: {'line': b'\x1b[33mCMake Warning (dev) at /usr/share/cmake-3.22/Modules/FindPackageHandleStandardArgs.cmake:438 (message):\n'}
[50.227041] (micro_ros_agent) StderrLine: {'line': b'  The package name passed to `find_package_handle_standard_args` (tinyxml2)\n'}
[50.227380] (micro_ros_agent) StderrLine: {'line': b'  does not match the name of the calling package (TinyXML2).  This can lead\n'}
[50.227636] (micro_ros_agent) StderrLine: {'line': b'  to problems in calling code that expects `find_package` result variables\n'}
[50.227911] (micro_ros_agent) StderrLine: {'line': b'  (e.g., `_FOUND`) to follow a certain pattern.\n'}
[50.228156] (micro_ros_agent) StderrLine: {'line': b'Call Stack (most recent call first):\n'}
[50.228397] (micro_ros_agent) StderrLine: {'line': b'  cmake/modules/FindTinyXML2.cmake:40 (find_package_handle_standard_args)\n'}
[50.228638] (micro_ros_agent) StderrLine: {'line': b'  /opt/ros/humble/share/fastrtps/cmake/fastrtps-config.cmake:51 (find_package)\n'}
[50.228880] (micro_ros_agent) StderrLine: {'line': b'  CMakeLists.txt:153 (find_package)\n'}
[50.229119] (micro_ros_agent) StderrLine: {'line': b'This warning is for project developers.  Use -Wno-dev to suppress it.\n'}
[50.229360] (micro_ros_agent) StderrLine: {'line': b'\x1b[0m\n'}
[50.229597] (micro_ros_agent) StdoutLine: {'line': b'-- Found tinyxml2: /usr/lib/aarch64-linux-gnu/libtinyxml2.so  \n'}
[50.274204] (-) TimerEvent: {}
[50.374851] (-) TimerEvent: {}
[50.395782] (micro_ros_agent) StdoutLine: {'line': b'-- Found OpenSSL: /usr/lib/aarch64-linux-gnu/libcrypto.so (found version "3.0.2")  \n'}
[50.424571] (micro_ros_agent) StdoutLine: {'line': b'-- Configuring done\n'}
[50.474713] (micro_ros_agent) StdoutLine: {'line': b'-- Generating done\n'}
[50.475237] (-) TimerEvent: {}
[50.478528] (micro_ros_agent) StdoutLine: {'line': b'-- Build files have been written to: /ros2_ws/uros_ws/build/micro_ros_agent/agent/src/xrceagent-build\n'}
[50.528899] (micro_ros_agent) StdoutLine: {'line': b"[ 75%] \x1b[34m\x1b[1mPerforming build step for 'uagent'\x1b[0m\n"}
[50.575473] (-) TimerEvent: {}
[50.658433] (micro_ros_agent) StdoutLine: {'line': b'[  7%] \x1b[32mBuilding CXX object CMakeFiles/microxrcedds_agent.dir/src/cpp/Agent.cpp.o\x1b[0m\n'}
[50.659290] (micro_ros_agent) StdoutLine: {'line': b'[  7%] \x1b[32mBuilding CXX object CMakeFiles/microxrcedds_agent.dir/src/cpp/AgentInstance.cpp.o\x1b[0m\n'}
[50.659715] (micro_ros_agent) StdoutLine: {'line': b'[  7%] \x1b[32mBuilding CXX object CMakeFiles/microxrcedds_agent.dir/src/cpp/Root.cpp.o\x1b[0m\n'}
[50.663002] (micro_ros_agent) StdoutLine: {'line': b'[  9%] \x1b[32mBuilding CXX object CMakeFiles/microxrcedds_agent.dir/src/cpp/processor/Processor.cpp.o\x1b[0m\n'}
[50.678341] (-) TimerEvent: {}
[50.780466] (-) TimerEvent: {}
[50.881578] (-) TimerEvent: {}
[50.985333] (-) TimerEvent: {}
[51.086142] (-) TimerEvent: {}
[51.187263] (-) TimerEvent: {}
[51.290542] (-) TimerEvent: {}
[51.391360] (-) TimerEvent: {}
[51.492346] (-) TimerEvent: {}
[51.595398] (-) TimerEvent: {}
[51.698480] (-) TimerEvent: {}
[51.799486] (-) TimerEvent: {}
[51.900589] (-) TimerEvent: {}
[52.001506] (-) TimerEvent: {}
[52.106318] (-) TimerEvent: {}
[52.207484] (-) TimerEvent: {}
[52.308356] (-) TimerEvent: {}
[52.409398] (-) TimerEvent: {}
[52.514271] (-) TimerEvent: {}
[52.615221] (-) TimerEvent: {}
[52.716199] (-) TimerEvent: {}
[52.817225] (-) TimerEvent: {}
[52.918072] (-) TimerEvent: {}
[53.022524] (-) TimerEvent: {}
[53.123404] (-) TimerEvent: {}
[53.224328] (-) TimerEvent: {}
[53.325282] (-) TimerEvent: {}
[53.430595] (-) TimerEvent: {}
[53.531517] (-) TimerEvent: {}
[53.632358] (-) TimerEvent: {}
[53.733195] (-) TimerEvent: {}
[53.834214] (-) TimerEvent: {}
[53.938290] (-) TimerEvent: {}
[54.039175] (-) TimerEvent: {}
[54.140038] (-) TimerEvent: {}
[54.240949] (-) TimerEvent: {}
[54.341867] (-) TimerEvent: {}
[54.446276] (-) TimerEvent: {}
[54.547159] (-) TimerEvent: {}
[54.648524] (-) TimerEvent: {}
[54.749707] (-) TimerEvent: {}
[54.851850] (-) TimerEvent: {}
[54.954654] (-) TimerEvent: {}
[55.056903] (-) TimerEvent: {}
[55.157819] (-) TimerEvent: {}
[55.262532] (-) TimerEvent: {}
[55.363593] (-) TimerEvent: {}
[55.464768] (-) TimerEvent: {}
[55.570333] (-) TimerEvent: {}
[55.671452] (-) TimerEvent: {}
[55.772555] (-) TimerEvent: {}
[55.873514] (-) TimerEvent: {}
[55.978277] (-) TimerEvent: {}
[56.079468] (-) TimerEvent: {}
[56.180675] (-) TimerEvent: {}
[56.281841] (-) TimerEvent: {}
[56.383084] (-) TimerEvent: {}
[56.486833] (-) TimerEvent: {}
[56.590458] (-) TimerEvent: {}
[56.693518] (-) TimerEvent: {}
[56.798279] (-) TimerEvent: {}
[56.899268] (-) TimerEvent: {}
[57.000580] (-) TimerEvent: {}
[57.106836] (-) TimerEvent: {}
[57.207734] (-) TimerEvent: {}
[57.308624] (-) TimerEvent: {}
[57.409609] (-) TimerEvent: {}
[57.514279] (-) TimerEvent: {}
[57.615247] (-) TimerEvent: {}
[57.716190] (-) TimerEvent: {}
[57.817193] (-) TimerEvent: {}
[57.918319] (-) TimerEvent: {}
[58.022763] (-) TimerEvent: {}
[58.123912] (-) TimerEvent: {}
[58.225582] (-) TimerEvent: {}
[58.330641] (-) TimerEvent: {}
[58.431897] (-) TimerEvent: {}
[58.532906] (-) TimerEvent: {}
[58.633859] (-) TimerEvent: {}
[58.738681] (-) TimerEvent: {}
[58.839635] (-) TimerEvent: {}
[58.940624] (-) TimerEvent: {}
[59.041583] (-) TimerEvent: {}
[59.146685] (-) TimerEvent: {}
[59.247642] (-) TimerEvent: {}
[59.348607] (-) TimerEvent: {}
[59.449569] (-) TimerEvent: {}
[59.554654] (-) TimerEvent: {}
[59.655710] (-) TimerEvent: {}
[59.756683] (-) TimerEvent: {}
[59.857692] (-) TimerEvent: {}
[59.962613] (-) TimerEvent: {}
[60.063495] (-) TimerEvent: {}
[60.164408] (-) TimerEvent: {}
[60.265505] (-) TimerEvent: {}
[60.370643] (-) TimerEvent: {}
[60.471711] (-) TimerEvent: {}
[60.572854] (-) TimerEvent: {}
[60.673975] (-) TimerEvent: {}
[60.778665] (-) TimerEvent: {}
[60.879642] (-) TimerEvent: {}
[60.980612] (-) TimerEvent: {}
[61.082748] (-) TimerEvent: {}
[61.186653] (-) TimerEvent: {}
[61.287637] (-) TimerEvent: {}
[61.390399] (-) TimerEvent: {}
[61.492363] (-) TimerEvent: {}
[61.598634] (-) TimerEvent: {}
[61.699638] (-) TimerEvent: {}
[61.800577] (-) TimerEvent: {}
[61.901526] (-) TimerEvent: {}
[62.002463] (-) TimerEvent: {}
[62.104431] (-) TimerEvent: {}
[62.210705] (-) TimerEvent: {}
[62.311704] (-) TimerEvent: {}
[62.412622] (-) TimerEvent: {}
[62.513575] (-) TimerEvent: {}
[62.614557] (-) TimerEvent: {}
[62.718257] (-) TimerEvent: {}
[62.819239] (-) TimerEvent: {}
[62.920359] (-) TimerEvent: {}
[63.023426] (-) TimerEvent: {}
[63.124898] (-) TimerEvent: {}
[63.227693] (-) TimerEvent: {}
[63.331068] (-) TimerEvent: {}
[63.434261] (-) TimerEvent: {}
[63.535246] (-) TimerEvent: {}
[63.636239] (-) TimerEvent: {}
[63.742280] (-) TimerEvent: {}
[63.844206] (-) TimerEvent: {}
[63.946429] (-) TimerEvent: {}
[64.047316] (-) TimerEvent: {}
[64.150275] (-) TimerEvent: {}
[64.251183] (-) TimerEvent: {}
[64.352098] (-) TimerEvent: {}
[64.455234] (-) TimerEvent: {}
[64.558829] (-) TimerEvent: {}
[64.659884] (-) TimerEvent: {}
[64.762635] (-) TimerEvent: {}
[64.866283] (-) TimerEvent: {}
[64.967139] (-) TimerEvent: {}
[65.068058] (-) TimerEvent: {}
[65.169074] (-) TimerEvent: {}
[65.269969] (-) TimerEvent: {}
[65.374295] (-) TimerEvent: {}
[65.475198] (-) TimerEvent: {}
[65.576173] (-) TimerEvent: {}
[65.677015] (-) TimerEvent: {}
[65.777883] (-) TimerEvent: {}
[65.882348] (-) TimerEvent: {}
[65.983381] (-) TimerEvent: {}
[66.084242] (-) TimerEvent: {}
[66.185675] (-) TimerEvent: {}
[66.290322] (-) TimerEvent: {}
[66.391270] (-) TimerEvent: {}
[66.492178] (-) TimerEvent: {}
[66.593045] (-) TimerEvent: {}
[66.693920] (-) TimerEvent: {}
[66.799426] (-) TimerEvent: {}
[66.901665] (-) TimerEvent: {}
[67.005982] (-) TimerEvent: {}
[67.112681] (-) TimerEvent: {}
[67.216701] (-) TimerEvent: {}
[67.323341] (-) TimerEvent: {}
[67.424247] (-) TimerEvent: {}
[67.525239] (-) TimerEvent: {}
[67.626077] (-) TimerEvent: {}
[67.727007] (-) TimerEvent: {}
[67.827887] (-) TimerEvent: {}
[67.929715] (-) TimerEvent: {}
[68.031492] (-) TimerEvent: {}
[68.135399] (-) TimerEvent: {}
[68.236297] (-) TimerEvent: {}
[68.342426] (-) TimerEvent: {}
[68.443356] (-) TimerEvent: {}
[68.544302] (-) TimerEvent: {}
[68.645327] (-) TimerEvent: {}
[68.746217] (-) TimerEvent: {}
[68.850291] (-) TimerEvent: {}
[68.951257] (-) TimerEvent: {}
[69.052101] (-) TimerEvent: {}
[69.152936] (-) TimerEvent: {}
[69.253818] (-) TimerEvent: {}
[69.358590] (-) TimerEvent: {}
[69.459548] (-) TimerEvent: {}
[69.560578] (-) TimerEvent: {}
[69.661421] (-) TimerEvent: {}
[69.762265] (-) TimerEvent: {}
[69.829695] (micro_ros_agent) StdoutLine: {'line': b'[ 11%] \x1b[32mBuilding CXX object CMakeFiles/microxrcedds_agent.dir/src/cpp/client/ProxyClient.cpp.o\x1b[0m\n'}
[69.866302] (-) TimerEvent: {}
[69.967179] (-) TimerEvent: {}
[70.068132] (-) TimerEvent: {}
[70.169423] (-) TimerEvent: {}
[70.270321] (-) TimerEvent: {}
[70.374262] (-) TimerEvent: {}
[70.475078] (-) TimerEvent: {}
[70.575982] (-) TimerEvent: {}
[70.676841] (-) TimerEvent: {}
[70.777878] (-) TimerEvent: {}
[70.882285] (-) TimerEvent: {}
[70.983177] (-) TimerEvent: {}
[71.084139] (-) TimerEvent: {}
[71.185039] (-) TimerEvent: {}
[71.286107] (-) TimerEvent: {}
[71.388945] (-) TimerEvent: {}
[71.494749] (-) TimerEvent: {}
[71.595750] (-) TimerEvent: {}
[71.696625] (-) TimerEvent: {}
[71.797518] (-) TimerEvent: {}
[71.902311] (-) TimerEvent: {}
[72.003379] (-) TimerEvent: {}
[72.104364] (-) TimerEvent: {}
[72.205352] (-) TimerEvent: {}
[72.306268] (-) TimerEvent: {}
[72.408577] (-) TimerEvent: {}
[72.509676] (-) TimerEvent: {}
[72.614341] (-) TimerEvent: {}
[72.715224] (-) TimerEvent: {}
[72.816039] (-) TimerEvent: {}
[72.916872] (-) TimerEvent: {}
[73.017721] (-) TimerEvent: {}
[73.122299] (-) TimerEvent: {}
[73.223321] (-) TimerEvent: {}
[73.324198] (-) TimerEvent: {}
[73.425203] (-) TimerEvent: {}
[73.526235] (-) TimerEvent: {}
[73.630297] (-) TimerEvent: {}
[73.731315] (-) TimerEvent: {}
[73.832361] (-) TimerEvent: {}
[73.933313] (-) TimerEvent: {}
[74.034254] (-) TimerEvent: {}
[74.138278] (-) TimerEvent: {}
[74.239137] (-) TimerEvent: {}
[74.340038] (-) TimerEvent: {}
[74.440901] (-) TimerEvent: {}
[74.541792] (-) TimerEvent: {}
[74.646267] (-) TimerEvent: {}
[74.747165] (-) TimerEvent: {}
[74.848015] (-) TimerEvent: {}
[74.948815] (-) TimerEvent: {}
[75.049749] (-) TimerEvent: {}
[75.154268] (-) TimerEvent: {}
[75.255156] (-) TimerEvent: {}
[75.356117] (-) TimerEvent: {}
[75.457134] (-) TimerEvent: {}
[75.558151] (-) TimerEvent: {}
[75.662352] (-) TimerEvent: {}
[75.763368] (-) TimerEvent: {}
[75.864265] (-) TimerEvent: {}
[75.965205] (-) TimerEvent: {}
[76.066126] (-) TimerEvent: {}
[76.170298] (-) TimerEvent: {}
[76.271214] (-) TimerEvent: {}
[76.372121] (-) TimerEvent: {}
[76.473044] (-) TimerEvent: {}
[76.573941] (-) TimerEvent: {}
[76.678294] (-) TimerEvent: {}
[76.779248] (-) TimerEvent: {}
[76.880196] (-) TimerEvent: {}
[76.981197] (-) TimerEvent: {}
[77.082039] (-) TimerEvent: {}
[77.186314] (-) TimerEvent: {}
[77.287231] (-) TimerEvent: {}
[77.388102] (-) TimerEvent: {}
[77.488978] (-) TimerEvent: {}
[77.589897] (-) TimerEvent: {}
[77.694279] (-) TimerEvent: {}
[77.795251] (-) TimerEvent: {}
[77.896198] (-) TimerEvent: {}
[77.997073] (-) TimerEvent: {}
[78.097941] (-) TimerEvent: {}
[78.202276] (-) TimerEvent: {}
[78.303343] (-) TimerEvent: {}
[78.404218] (-) TimerEvent: {}
[78.505077] (-) TimerEvent: {}
[78.605927] (-) TimerEvent: {}
[78.710500] (-) TimerEvent: {}
[78.811501] (-) TimerEvent: {}
[78.912452] (-) TimerEvent: {}
[79.002449] (micro_ros_agent) StdoutLine: {'line': b'[ 14%] \x1b[32mBuilding CXX object CMakeFiles/microxrcedds_agent.dir/src/cpp/participant/Participant.cpp.o\x1b[0m\n'}
[79.012686] (-) TimerEvent: {}
[79.114914] (-) TimerEvent: {}
[79.217423] (-) TimerEvent: {}
[79.318227] (-) TimerEvent: {}
[79.423085] (-) TimerEvent: {}
[79.524117] (-) TimerEvent: {}
[79.625025] (-) TimerEvent: {}
[79.730468] (-) TimerEvent: {}
[79.831452] (-) TimerEvent: {}
[79.932345] (-) TimerEvent: {}
[80.033636] (-) TimerEvent: {}
[80.138304] (-) TimerEvent: {}
[80.239171] (-) TimerEvent: {}
[80.340068] (-) TimerEvent: {}
[80.441464] (-) TimerEvent: {}
[80.542671] (-) TimerEvent: {}
[80.646716] (-) TimerEvent: {}
[80.748522] (-) TimerEvent: {}
[80.854285] (-) TimerEvent: {}
[80.955582] (-) TimerEvent: {}
[81.056854] (-) TimerEvent: {}
[81.158039] (-) TimerEvent: {}
[81.262775] (-) TimerEvent: {}
[81.364154] (-) TimerEvent: {}
[81.465425] (-) TimerEvent: {}
[81.570799] (-) TimerEvent: {}
[81.671894] (-) TimerEvent: {}
[81.773153] (-) TimerEvent: {}
[81.878543] (-) TimerEvent: {}
[81.979847] (-) TimerEvent: {}
[82.080775] (-) TimerEvent: {}
[82.186789] (-) TimerEvent: {}
[82.287820] (-) TimerEvent: {}
[82.388960] (-) TimerEvent: {}
[82.490293] (-) TimerEvent: {}
[82.594795] (-) TimerEvent: {}
[82.696213] (-) TimerEvent: {}
[82.797212] (-) TimerEvent: {}
[82.902985] (-) TimerEvent: {}
[83.003976] (-) TimerEvent: {}
[83.104935] (-) TimerEvent: {}
[83.205771] (-) TimerEvent: {}
[83.306729] (-) TimerEvent: {}
[83.410279] (-) TimerEvent: {}
[83.511142] (-) TimerEvent: {}
[83.612035] (-) TimerEvent: {}
[83.712928] (-) TimerEvent: {}
[83.813909] (-) TimerEvent: {}
[83.918306] (-) TimerEvent: {}
[84.019274] (-) TimerEvent: {}
[84.120178] (-) TimerEvent: {}
[84.221052] (-) TimerEvent: {}
[84.321992] (-) TimerEvent: {}
[84.426275] (-) TimerEvent: {}
[84.527116] (-) TimerEvent: {}
[84.627962] (-) TimerEvent: {}
[84.728850] (-) TimerEvent: {}
[84.829751] (-) TimerEvent: {}
[84.934289] (-) TimerEvent: {}
[85.035248] (-) TimerEvent: {}
[85.136354] (-) TimerEvent: {}
[85.237573] (-) TimerEvent: {}
[85.339446] (-) TimerEvent: {}
[85.441429] (-) TimerEvent: {}
[85.546679] (-) TimerEvent: {}
[85.567073] (micro_ros_agent) StdoutLine: {'line': b'[ 16%] \x1b[32mBuilding CXX object CMakeFiles/microxrcedds_agent.dir/src/cpp/topic/Topic.cpp.o\x1b[0m\n'}
[85.646899] (-) TimerEvent: {}
[85.748654] (-) TimerEvent: {}
[85.849562] (-) TimerEvent: {}
[85.950363] (-) TimerEvent: {}
[86.054294] (-) TimerEvent: {}
[86.155169] (-) TimerEvent: {}
[86.256076] (-) TimerEvent: {}
[86.356971] (-) TimerEvent: {}
[86.457842] (-) TimerEvent: {}
[86.558785] (-) TimerEvent: {}
[86.659721] (-) TimerEvent: {}
[86.760539] (-) TimerEvent: {}
[86.861451] (-) TimerEvent: {}
[86.962272] (-) TimerEvent: {}
[87.066286] (-) TimerEvent: {}
[87.167189] (-) TimerEvent: {}
[87.268135] (-) TimerEvent: {}
[87.369061] (-) TimerEvent: {}
[87.470130] (-) TimerEvent: {}
[87.574340] (-) TimerEvent: {}
[87.675740] (-) TimerEvent: {}
[87.776646] (-) TimerEvent: {}
[87.877501] (-) TimerEvent: {}
[87.982297] (-) TimerEvent: {}
[88.083292] (-) TimerEvent: {}
[88.184200] (-) TimerEvent: {}
[88.285100] (-) TimerEvent: {}
[88.386063] (-) TimerEvent: {}
[88.490488] (-) TimerEvent: {}
[88.591360] (-) TimerEvent: {}
[88.692275] (-) TimerEvent: {}
[88.793213] (-) TimerEvent: {}
[88.894174] (-) TimerEvent: {}
[88.998588] (-) TimerEvent: {}
[89.099575] (-) TimerEvent: {}
[89.200616] (-) TimerEvent: {}
[89.301587] (-) TimerEvent: {}
[89.406274] (-) TimerEvent: {}
[89.507174] (-) TimerEvent: {}
[89.608104] (-) TimerEvent: {}
[89.709063] (-) TimerEvent: {}
[89.809925] (-) TimerEvent: {}
[89.914287] (-) TimerEvent: {}
[90.015177] (-) TimerEvent: {}
[90.116034] (-) TimerEvent: {}
[90.216881] (-) TimerEvent: {}
[90.317812] (-) TimerEvent: {}
[90.422290] (-) TimerEvent: {}
[90.523224] (-) TimerEvent: {}
[90.624139] (-) TimerEvent: {}
[90.725108] (-) TimerEvent: {}
[90.826176] (-) TimerEvent: {}
[90.930291] (-) TimerEvent: {}
[91.031161] (-) TimerEvent: {}
[91.132431] (-) TimerEvent: {}
[91.234060] (-) TimerEvent: {}
[91.335009] (-) TimerEvent: {}
[91.435930] (-) TimerEvent: {}
[91.536876] (-) TimerEvent: {}
[91.637843] (-) TimerEvent: {}
[91.742324] (-) TimerEvent: {}
[91.843405] (-) TimerEvent: {}
[91.944419] (-) TimerEvent: {}
[92.045370] (-) TimerEvent: {}
[92.146270] (-) TimerEvent: {}
[92.247143] (-) TimerEvent: {}
[92.348177] (-) TimerEvent: {}
[92.449051] (-) TimerEvent: {}
[92.549957] (-) TimerEvent: {}
[92.654271] (-) TimerEvent: {}
[92.755120] (-) TimerEvent: {}
[92.799441] (micro_ros_agent) StdoutLine: {'line': b'[ 19%] \x1b[32mBuilding CXX object CMakeFiles/microxrcedds_agent.dir/src/cpp/publisher/Publisher.cpp.o\x1b[0m\n'}
[92.855369] (-) TimerEvent: {}
[92.957777] (-) TimerEvent: {}
[93.058643] (-) TimerEvent: {}
[93.162266] (-) TimerEvent: {}
[93.263049] (-) TimerEvent: {}
[93.363891] (-) TimerEvent: {}
[93.464725] (-) TimerEvent: {}
[93.565787] (-) TimerEvent: {}
[93.670299] (-) TimerEvent: {}
[93.771189] (-) TimerEvent: {}
[93.872071] (-) TimerEvent: {}
[93.973011] (-) TimerEvent: {}
[94.073850] (-) TimerEvent: {}
[94.178255] (-) TimerEvent: {}
[94.279193] (-) TimerEvent: {}
[94.380109] (-) TimerEvent: {}
[94.481081] (-) TimerEvent: {}
[94.582138] (-) TimerEvent: {}
[94.686267] (-) TimerEvent: {}
[94.787152] (-) TimerEvent: {}
[94.888011] (-) TimerEvent: {}
[94.988900] (-) TimerEvent: {}
[95.089774] (-) TimerEvent: {}
[95.194861] (-) TimerEvent: {}
[95.295883] (-) TimerEvent: {}
[95.396722] (-) TimerEvent: {}
[95.497642] (-) TimerEvent: {}
[95.602309] (-) TimerEvent: {}
[95.703223] (-) TimerEvent: {}
[95.804225] (-) TimerEvent: {}
[95.905097] (-) TimerEvent: {}
[96.005961] (-) TimerEvent: {}
[96.110288] (-) TimerEvent: {}
[96.211363] (-) TimerEvent: {}
[96.312289] (-) TimerEvent: {}
[96.413287] (-) TimerEvent: {}
[96.518328] (-) TimerEvent: {}
[96.619625] (-) TimerEvent: {}
[96.720652] (-) TimerEvent: {}
[96.821565] (-) TimerEvent: {}
[96.922412] (-) TimerEvent: {}
[97.026278] (-) TimerEvent: {}
[97.127175] (-) TimerEvent: {}
[97.230820] (-) TimerEvent: {}
[97.332785] (-) TimerEvent: {}
[97.440761] (-) TimerEvent: {}
[97.541743] (-) TimerEvent: {}
[97.643228] (-) TimerEvent: {}
[97.746281] (-) TimerEvent: {}
[97.847228] (-) TimerEvent: {}
[97.948282] (-) TimerEvent: {}
[98.049255] (-) TimerEvent: {}
[98.150156] (-) TimerEvent: {}
[98.251099] (-) TimerEvent: {}
[98.275425] (micro_ros_agent) StdoutLine: {'line': b'[ 21%] \x1b[32mBuilding CXX object CMakeFiles/microxrcedds_agent.dir/src/cpp/subscriber/Subscriber.cpp.o\x1b[0m\n'}
[98.354377] (-) TimerEvent: {}
[98.455489] (-) TimerEvent: {}
[98.556352] (-) TimerEvent: {}
[98.659430] (-) TimerEvent: {}
[98.763425] (-) TimerEvent: {}
[98.864258] (-) TimerEvent: {}
[98.965132] (-) TimerEvent: {}
[99.066075] (-) TimerEvent: {}
[99.167003] (-) TimerEvent: {}
[99.267946] (-) TimerEvent: {}
[99.369480] (-) TimerEvent: {}
[99.474269] (-) TimerEvent: {}
[99.575065] (-) TimerEvent: {}
[99.676211] (-) TimerEvent: {}
[99.777040] (-) TimerEvent: {}
[99.878177] (-) TimerEvent: {}
[99.982286] (-) TimerEvent: {}
[100.083251] (-) TimerEvent: {}
[100.134036] (micro_ros_agent) StdoutLine: {'line': b'[ 23%] \x1b[32mBuilding CXX object CMakeFiles/microxrcedds_agent.dir/src/cpp/datawriter/DataWriter.cpp.o\x1b[0m\n'}
[100.183465] (-) TimerEvent: {}
[100.285500] (-) TimerEvent: {}
[100.391236] (-) TimerEvent: {}
[100.492204] (-) TimerEvent: {}
[100.593103] (-) TimerEvent: {}
[100.694063] (-) TimerEvent: {}
[100.795917] (-) TimerEvent: {}
[100.902559] (-) TimerEvent: {}
[101.003624] (-) TimerEvent: {}
[101.104666] (-) TimerEvent: {}
[101.205716] (-) TimerEvent: {}
[101.306934] (-) TimerEvent: {}
[101.409154] (-) TimerEvent: {}
[101.514825] (-) TimerEvent: {}
[101.616080] (-) TimerEvent: {}
[101.717330] (-) TimerEvent: {}
[101.818655] (-) TimerEvent: {}
[101.922795] (-) TimerEvent: {}
[102.025519] (-) TimerEvent: {}
[102.130340] (-) TimerEvent: {}
[102.236284] (-) TimerEvent: {}
[102.337340] (-) TimerEvent: {}
[102.442309] (-) TimerEvent: {}
[102.543338] (-) TimerEvent: {}
[102.644431] (-) TimerEvent: {}
[102.745473] (-) TimerEvent: {}
[102.850683] (-) TimerEvent: {}
[102.951697] (-) TimerEvent: {}
[103.052715] (-) TimerEvent: {}
[103.158738] (-) TimerEvent: {}
[103.259702] (-) TimerEvent: {}
[103.360554] (-) TimerEvent: {}
[103.461460] (-) TimerEvent: {}
[103.566310] (-) TimerEvent: {}
[103.673744] (-) TimerEvent: {}
[103.774745] (-) TimerEvent: {}
[103.875818] (-) TimerEvent: {}
[103.976974] (-) TimerEvent: {}
[104.082605] (-) TimerEvent: {}
[104.183546] (-) TimerEvent: {}
[104.284509] (-) TimerEvent: {}
[104.385572] (-) TimerEvent: {}
[104.490294] (-) TimerEvent: {}
[104.591306] (-) TimerEvent: {}
[104.692249] (-) TimerEvent: {}
[104.793288] (-) TimerEvent: {}
[104.894308] (-) TimerEvent: {}
[104.996498] (-) TimerEvent: {}
[105.101772] (micro_ros_agent) StdoutLine: {'line': b'[ 26%] \x1b[32mBuilding CXX object CMakeFiles/microxrcedds_agent.dir/src/cpp/datareader/DataReader.cpp.o\x1b[0m\n'}
[105.102846] (-) TimerEvent: {}
[105.205317] (-) TimerEvent: {}
[105.306178] (-) TimerEvent: {}
[105.410462] (-) TimerEvent: {}
[105.511309] (-) TimerEvent: {}
[105.612332] (-) TimerEvent: {}
[105.713281] (-) TimerEvent: {}
[105.814064] (-) TimerEvent: {}
[105.918322] (-) TimerEvent: {}
[106.019474] (-) TimerEvent: {}
[106.120489] (-) TimerEvent: {}
[106.221452] (-) TimerEvent: {}
[106.326335] (-) TimerEvent: {}
[106.427291] (-) TimerEvent: {}
[106.528259] (-) TimerEvent: {}
[106.629390] (-) TimerEvent: {}
[106.730677] (-) TimerEvent: {}
[106.834648] (-) TimerEvent: {}
[106.935788] (-) TimerEvent: {}
[107.038454] (-) TimerEvent: {}
[107.142897] (-) TimerEvent: {}
[107.243867] (-) TimerEvent: {}
[107.344720] (-) TimerEvent: {}
[107.445873] (-) TimerEvent: {}
[107.550294] (-) TimerEvent: {}
[107.651309] (-) TimerEvent: {}
[107.752400] (-) TimerEvent: {}
[107.853486] (-) TimerEvent: {}
[107.958271] (-) TimerEvent: {}
[108.059266] (-) TimerEvent: {}
[108.160124] (-) TimerEvent: {}
[108.242009] (micro_ros_agent) StdoutLine: {'line': b'[ 28%] \x1b[32mBuilding CXX object CMakeFiles/microxrcedds_agent.dir/src/cpp/requester/Requester.cpp.o\x1b[0m\n'}
[108.262309] (-) TimerEvent: {}
[108.363281] (-) TimerEvent: {}
[108.464231] (-) TimerEvent: {}
[108.570488] (-) TimerEvent: {}
[108.671429] (-) TimerEvent: {}
[108.772307] (-) TimerEvent: {}
[108.873286] (-) TimerEvent: {}
[108.974226] (-) TimerEvent: {}
[109.078271] (-) TimerEvent: {}
[109.179140] (-) TimerEvent: {}
[109.281563] (-) TimerEvent: {}
[109.386549] (-) TimerEvent: {}
[109.487437] (-) TimerEvent: {}
[109.588407] (-) TimerEvent: {}
[109.689282] (-) TimerEvent: {}
[109.790193] (-) TimerEvent: {}
[109.894284] (-) TimerEvent: {}
[109.995205] (-) TimerEvent: {}
[110.096061] (-) TimerEvent: {}
[110.196951] (-) TimerEvent: {}
[110.297889] (-) TimerEvent: {}
[110.403255] (-) TimerEvent: {}
[110.504287] (-) TimerEvent: {}
[110.605340] (-) TimerEvent: {}
[110.710608] (-) TimerEvent: {}
[110.811689] (-) TimerEvent: {}
[110.912622] (-) TimerEvent: {}
[111.013632] (-) TimerEvent: {}
[111.118594] (-) TimerEvent: {}
[111.220168] (-) TimerEvent: {}
[111.321051] (-) TimerEvent: {}
[111.421972] (-) TimerEvent: {}
[111.526624] (-) TimerEvent: {}
[111.627727] (-) TimerEvent: {}
[111.728622] (-) TimerEvent: {}
[111.829493] (-) TimerEvent: {}
[111.934296] (-) TimerEvent: {}
[112.036192] (-) TimerEvent: {}
[112.137163] (-) TimerEvent: {}
[112.238814] (-) TimerEvent: {}
[112.340652] (-) TimerEvent: {}
[112.446681] (-) TimerEvent: {}
[112.547609] (-) TimerEvent: {}
[112.649342] (-) TimerEvent: {}
[112.750248] (-) TimerEvent: {}
[112.851267] (-) TimerEvent: {}
[112.954268] (-) TimerEvent: {}
[113.055248] (-) TimerEvent: {}
[113.156272] (-) TimerEvent: {}
[113.257207] (-) TimerEvent: {}
[113.362345] (-) TimerEvent: {}
[113.463311] (-) TimerEvent: {}
[113.564190] (-) TimerEvent: {}
[113.665161] (-) TimerEvent: {}
[113.765966] (-) TimerEvent: {}
[113.866876] (-) TimerEvent: {}
[113.970273] (-) TimerEvent: {}
[114.071092] (-) TimerEvent: {}
[114.171920] (-) TimerEvent: {}
[114.272801] (-) TimerEvent: {}
[114.373621] (-) TimerEvent: {}
[114.478292] (-) TimerEvent: {}
[114.579072] (-) TimerEvent: {}
[114.680096] (-) TimerEvent: {}
[114.781452] (-) TimerEvent: {}
[114.799310] (micro_ros_agent) StdoutLine: {'line': b'[ 30%] \x1b[32mBuilding CXX object CMakeFiles/microxrcedds_agent.dir/src/cpp/replier/Replier.cpp.o\x1b[0m\n'}
[114.881652] (-) TimerEvent: {}
[114.986564] (-) TimerEvent: {}
[115.087377] (-) TimerEvent: {}
[115.188239] (-) TimerEvent: {}
[115.289058] (-) TimerEvent: {}
[115.389952] (-) TimerEvent: {}
[115.494283] (-) TimerEvent: {}
[115.595187] (-) TimerEvent: {}
[115.696077] (-) TimerEvent: {}
[115.796987] (-) TimerEvent: {}
[115.897838] (-) TimerEvent: {}
[116.002283] (-) TimerEvent: {}
[116.103098] (-) TimerEvent: {}
[116.203920] (-) TimerEvent: {}
[116.304858] (-) TimerEvent: {}
[116.405821] (-) TimerEvent: {}
[116.510289] (-) TimerEvent: {}
[116.611120] (-) TimerEvent: {}
[116.711990] (-) TimerEvent: {}
[116.812866] (-) TimerEvent: {}
[116.913726] (-) TimerEvent: {}
[117.018323] (-) TimerEvent: {}
[117.119260] (-) TimerEvent: {}
[117.220179] (-) TimerEvent: {}
[117.321103] (-) TimerEvent: {}
[117.421920] (-) TimerEvent: {}
[117.526282] (-) TimerEvent: {}
[117.627147] (-) TimerEvent: {}
[117.728012] (-) TimerEvent: {}
[117.828848] (-) TimerEvent: {}
[117.929716] (-) TimerEvent: {}
[118.034363] (-) TimerEvent: {}
[118.135243] (-) TimerEvent: {}
[118.236116] (-) TimerEvent: {}
[118.336944] (-) TimerEvent: {}
[118.437824] (-) TimerEvent: {}
[118.542282] (-) TimerEvent: {}
[118.643172] (-) TimerEvent: {}
[118.744122] (-) TimerEvent: {}
[118.844998] (-) TimerEvent: {}
[118.945851] (-) TimerEvent: {}
[119.050515] (-) TimerEvent: {}
[119.151364] (-) TimerEvent: {}
[119.252303] (-) TimerEvent: {}
[119.353177] (-) TimerEvent: {}
[119.454039] (-) TimerEvent: {}
[119.470967] (micro_ros_agent) StdoutLine: {'line': b'[ 33%] \x1b[32mBuilding CXX object CMakeFiles/microxrcedds_agent.dir/src/cpp/object/XRCEObject.cpp.o\x1b[0m\n'}
[119.554271] (-) TimerEvent: {}
[119.658921] (-) TimerEvent: {}
[119.759884] (-) TimerEvent: {}
[119.860806] (-) TimerEvent: {}
[119.961690] (-) TimerEvent: {}
[120.062623] (-) TimerEvent: {}
[120.163442] (-) TimerEvent: {}
[120.264360] (-) TimerEvent: {}
[120.365332] (-) TimerEvent: {}
[120.466292] (-) TimerEvent: {}
[120.567181] (-) TimerEvent: {}
[120.668058] (-) TimerEvent: {}
[120.768886] (-) TimerEvent: {}
[120.869712] (-) TimerEvent: {}
[120.974358] (-) TimerEvent: {}
[121.075391] (-) TimerEvent: {}
[121.176514] (-) TimerEvent: {}
[121.277314] (-) TimerEvent: {}
[121.378190] (-) TimerEvent: {}
[121.482263] (-) TimerEvent: {}
[121.583135] (-) TimerEvent: {}
[121.684117] (-) TimerEvent: {}
[121.785152] (-) TimerEvent: {}
[121.885983] (-) TimerEvent: {}
[121.990332] (-) TimerEvent: {}
[122.091406] (-) TimerEvent: {}
[122.192285] (-) TimerEvent: {}
[122.293311] (-) TimerEvent: {}
[122.395177] (-) TimerEvent: {}
[122.498132] (-) TimerEvent: {}
[122.537648] (micro_ros_agent) StdoutLine: {'line': b'[ 35%] \x1b[32mBuilding CXX object CMakeFiles/microxrcedds_agent.dir/src/cpp/types/XRCETypes.cpp.o\x1b[0m\n'}
[122.598287] (-) TimerEvent: {}
[122.701219] (-) TimerEvent: {}
[122.806852] (-) TimerEvent: {}
[122.908018] (-) TimerEvent: {}
[123.009424] (-) TimerEvent: {}
[123.110793] (-) TimerEvent: {}
[123.214780] (-) TimerEvent: {}
[123.318308] (-) TimerEvent: {}
[123.419450] (-) TimerEvent: {}
[123.520405] (-) TimerEvent: {}
[123.623133] (-) TimerEvent: {}
[123.725994] (-) TimerEvent: {}
[123.830712] (-) TimerEvent: {}
[123.931949] (-) TimerEvent: {}
[124.033374] (-) TimerEvent: {}
[124.138659] (-) TimerEvent: {}
[124.240669] (-) TimerEvent: {}
[124.346281] (-) TimerEvent: {}
[124.447315] (-) TimerEvent: {}
[124.548293] (-) TimerEvent: {}
[124.650164] (-) TimerEvent: {}
[124.754644] (-) TimerEvent: {}
[124.855637] (-) TimerEvent: {}
[124.956603] (-) TimerEvent: {}
[125.059572] (-) TimerEvent: {}
[125.162665] (-) TimerEvent: {}
[125.263553] (-) TimerEvent: {}
[125.290430] (micro_ros_agent) StdoutLine: {'line': b'[ 38%] \x1b[32mBuilding CXX object CMakeFiles/microxrcedds_agent.dir/src/cpp/types/MessageHeader.cpp.o\x1b[0m\n'}
[125.366287] (-) TimerEvent: {}
[125.467183] (-) TimerEvent: {}
[125.568122] (-) TimerEvent: {}
[125.669098] (-) TimerEvent: {}
[125.774274] (-) TimerEvent: {}
[125.875427] (-) TimerEvent: {}
[125.976574] (-) TimerEvent: {}
[126.077812] (-) TimerEvent: {}
[126.179831] (-) TimerEvent: {}
[126.283333] (-) TimerEvent: {}
[126.386361] (-) TimerEvent: {}
[126.487623] (-) TimerEvent: {}
[126.589033] (-) TimerEvent: {}
[126.690266] (-) TimerEvent: {}
[126.794551] (-) TimerEvent: {}
[126.895469] (-) TimerEvent: {}
[126.996295] (-) TimerEvent: {}
[127.102323] (-) TimerEvent: {}
[127.203721] (-) TimerEvent: {}
[127.304618] (-) TimerEvent: {}
[127.405595] (-) TimerEvent: {}
[127.506555] (-) TimerEvent: {}
[127.607504] (-) TimerEvent: {}
[127.708469] (-) TimerEvent: {}
[127.814624] (-) TimerEvent: {}
[127.915480] (-) TimerEvent: {}
[128.016434] (-) TimerEvent: {}
[128.117362] (-) TimerEvent: {}
[128.161070] (micro_ros_agent) StdoutLine: {'line': b'[ 40%] \x1b[32mBuilding CXX object CMakeFiles/microxrcedds_agent.dir/src/cpp/types/SubMessageHeader.cpp.o\x1b[0m\n'}
[128.217616] (-) TimerEvent: {}
[128.322704] (-) TimerEvent: {}
[128.423628] (-) TimerEvent: {}
[128.524515] (-) TimerEvent: {}
[128.625437] (-) TimerEvent: {}
[128.640922] (micro_ros_agent) StdoutLine: {'line': b'[ 42%] \x1b[32mBuilding CXX object CMakeFiles/microxrcedds_agent.dir/src/cpp/message/InputMessage.cpp.o\x1b[0m\n'}
[128.725758] (-) TimerEvent: {}
[128.831682] (-) TimerEvent: {}
[128.932760] (-) TimerEvent: {}
[129.038851] (-) TimerEvent: {}
[129.142173] (-) TimerEvent: {}
[129.243048] (-) TimerEvent: {}
[129.344016] (-) TimerEvent: {}
[129.446489] (-) TimerEvent: {}
[129.550636] (-) TimerEvent: {}
[129.651608] (-) TimerEvent: {}
[129.752563] (-) TimerEvent: {}
[129.853421] (-) TimerEvent: {}
[129.954267] (-) TimerEvent: {}
[130.058279] (-) TimerEvent: {}
[130.159146] (-) TimerEvent: {}
[130.260069] (-) TimerEvent: {}
[130.360939] (-) TimerEvent: {}
[130.461888] (-) TimerEvent: {}
[130.562845] (-) TimerEvent: {}
[130.664045] (-) TimerEvent: {}
[130.765275] (-) TimerEvent: {}
[130.870297] (-) TimerEvent: {}
[130.959624] (micro_ros_agent) StdoutLine: {'line': b'[ 45%] \x1b[32mBuilding CXX object CMakeFiles/microxrcedds_agent.dir/src/cpp/message/OutputMessage.cpp.o\x1b[0m\n'}
[130.970531] (-) TimerEvent: {}
[131.071525] (-) TimerEvent: {}
[131.173162] (-) TimerEvent: {}
[131.278838] (-) TimerEvent: {}
[131.379967] (-) TimerEvent: {}
[131.481105] (-) TimerEvent: {}
[131.582443] (-) TimerEvent: {}
[131.686304] (-) TimerEvent: {}
[131.787291] (-) TimerEvent: {}
[131.888185] (-) TimerEvent: {}
[131.995809] (-) TimerEvent: {}
[132.096880] (-) TimerEvent: {}
[132.198812] (-) TimerEvent: {}
[132.300037] (-) TimerEvent: {}
[132.402230] (-) TimerEvent: {}
[132.506723] (-) TimerEvent: {}
[132.608653] (-) TimerEvent: {}
[132.709931] (-) TimerEvent: {}
[132.815653] (-) TimerEvent: {}
[132.917227] (-) TimerEvent: {}
[133.018202] (-) TimerEvent: {}
[133.121768] (-) TimerEvent: {}
[133.222635] (-) TimerEvent: {}
[133.323505] (-) TimerEvent: {}
[133.426305] (-) TimerEvent: {}
[133.527263] (-) TimerEvent: {}
[133.628273] (-) TimerEvent: {}
[133.729202] (-) TimerEvent: {}
[133.830123] (-) TimerEvent: {}
[133.934268] (-) TimerEvent: {}
[134.035209] (-) TimerEvent: {}
[134.136050] (-) TimerEvent: {}
[134.237826] (-) TimerEvent: {}
[134.342281] (-) TimerEvent: {}
[134.443183] (-) TimerEvent: {}
[134.544107] (-) TimerEvent: {}
[134.644999] (-) TimerEvent: {}
[134.745965] (-) TimerEvent: {}
[134.850280] (-) TimerEvent: {}
[134.951342] (-) TimerEvent: {}
[135.052230] (-) TimerEvent: {}
[135.153065] (-) TimerEvent: {}
[135.253941] (-) TimerEvent: {}
[135.257511] (micro_ros_agent) StdoutLine: {'line': b'[ 47%] \x1b[32mBuilding CXX object CMakeFiles/microxrcedds_agent.dir/src/cpp/utils/ArgumentParser.cpp.o\x1b[0m\n'}
[135.354201] (-) TimerEvent: {}
[135.458654] (-) TimerEvent: {}
[135.559561] (-) TimerEvent: {}
[135.660514] (-) TimerEvent: {}
[135.763084] (-) TimerEvent: {}
[135.866773] (-) TimerEvent: {}
[135.968052] (-) TimerEvent: {}
[136.070788] (-) TimerEvent: {}
[136.175943] (-) TimerEvent: {}
[136.279756] (-) TimerEvent: {}
[136.383446] (-) TimerEvent: {}
[136.490316] (-) TimerEvent: {}
[136.592341] (-) TimerEvent: {}
[136.693387] (-) TimerEvent: {}
[136.794365] (-) TimerEvent: {}
[136.898747] (-) TimerEvent: {}
[136.999818] (-) TimerEvent: {}
[137.102229] (-) TimerEvent: {}
[137.206581] (-) TimerEvent: {}
[137.307448] (-) TimerEvent: {}
[137.408320] (-) TimerEvent: {}
[137.509187] (-) TimerEvent: {}
[137.610044] (-) TimerEvent: {}
[137.714276] (-) TimerEvent: {}
[137.815164] (-) TimerEvent: {}
[137.916099] (-) TimerEvent: {}
[138.017078] (-) TimerEvent: {}
[138.118063] (-) TimerEvent: {}
[138.222623] (-) TimerEvent: {}
[138.323535] (-) TimerEvent: {}
[138.424484] (-) TimerEvent: {}
[138.530652] (-) TimerEvent: {}
[138.631632] (-) TimerEvent: {}
[138.732604] (-) TimerEvent: {}
[138.833567] (-) TimerEvent: {}
[138.934606] (-) TimerEvent: {}
[139.038608] (-) TimerEvent: {}
[139.139673] (-) TimerEvent: {}
[139.240854] (-) TimerEvent: {}
[139.346591] (-) TimerEvent: {}
[139.447510] (-) TimerEvent: {}
[139.548409] (-) TimerEvent: {}
[139.649327] (-) TimerEvent: {}
[139.750214] (-) TimerEvent: {}
[139.854314] (-) TimerEvent: {}
[139.955315] (-) TimerEvent: {}
[140.056273] (-) TimerEvent: {}
[140.157144] (-) TimerEvent: {}
[140.257987] (-) TimerEvent: {}
[140.362281] (-) TimerEvent: {}
[140.463090] (-) TimerEvent: {}
[140.563912] (-) TimerEvent: {}
[140.664815] (-) TimerEvent: {}
[140.765846] (-) TimerEvent: {}
[140.870627] (-) TimerEvent: {}
[140.971650] (-) TimerEvent: {}
[141.072674] (-) TimerEvent: {}
[141.178295] (-) TimerEvent: {}
[141.279290] (-) TimerEvent: {}
[141.380315] (-) TimerEvent: {}
[141.481418] (-) TimerEvent: {}
[141.582406] (-) TimerEvent: {}
[141.686706] (-) TimerEvent: {}
[141.787639] (-) TimerEvent: {}
[141.888518] (-) TimerEvent: {}
[141.994754] (-) TimerEvent: {}
[142.095777] (-) TimerEvent: {}
[142.196724] (-) TimerEvent: {}
[142.297647] (-) TimerEvent: {}
[142.398604] (-) TimerEvent: {}
[142.500665] (-) TimerEvent: {}
[142.606670] (-) TimerEvent: {}
[142.707689] (-) TimerEvent: {}
[142.808665] (-) TimerEvent: {}
[142.910553] (-) TimerEvent: {}
[143.011749] (-) TimerEvent: {}
[143.114817] (-) TimerEvent: {}
[143.219567] (-) TimerEvent: {}
[143.320517] (-) TimerEvent: {}
[143.421382] (-) TimerEvent: {}
[143.526568] (-) TimerEvent: {}
[143.627476] (-) TimerEvent: {}
[143.728329] (-) TimerEvent: {}
[143.829234] (-) TimerEvent: {}
[143.934641] (-) TimerEvent: {}
[144.035675] (-) TimerEvent: {}
[144.138974] (-) TimerEvent: {}
[144.240464] (-) TimerEvent: {}
[144.341375] (-) TimerEvent: {}
[144.446509] (-) TimerEvent: {}
[144.547401] (-) TimerEvent: {}
[144.648335] (-) TimerEvent: {}
[144.730398] (micro_ros_agent) StdoutLine: {'line': b'[ 50%] \x1b[32mBuilding CXX object CMakeFiles/microxrcedds_agent.dir/src/cpp/transport/Server.cpp.o\x1b[0m\n'}
[144.748563] (-) TimerEvent: {}
[144.852036] (-) TimerEvent: {}
[144.955094] (-) TimerEvent: {}
[145.058472] (-) TimerEvent: {}
[145.159329] (-) TimerEvent: {}
[145.262566] (-) TimerEvent: {}
[145.364836] (-) TimerEvent: {}
[145.471444] (-) TimerEvent: {}
[145.573303] (-) TimerEvent: {}
[145.674427] (-) TimerEvent: {}
[145.775543] (-) TimerEvent: {}
[145.825481] (micro_ros_agent) StdoutLine: {'line': b'[ 52%] \x1b[32mBuilding CXX object CMakeFiles/microxrcedds_agent.dir/src/cpp/transport/stream_framing/StreamFramingProtocol.cpp.o\x1b[0m\n'}
[145.878273] (-) TimerEvent: {}
[145.979211] (-) TimerEvent: {}
[146.080179] (-) TimerEvent: {}
[146.181010] (-) TimerEvent: {}
[146.281872] (-) TimerEvent: {}
[146.386576] (-) TimerEvent: {}
[146.487538] (-) TimerEvent: {}
[146.588663] (-) TimerEvent: {}
[146.689632] (-) TimerEvent: {}
[146.794777] (-) TimerEvent: {}
[146.895840] (-) TimerEvent: {}
[146.996917] (-) TimerEvent: {}
[147.097901] (-) TimerEvent: {}
[147.133050] (micro_ros_agent) StdoutLine: {'line': b'[ 54%] \x1b[32mBuilding CXX object CMakeFiles/microxrcedds_agent.dir/src/cpp/transport/custom/CustomAgent.cpp.o\x1b[0m\n'}
[147.198195] (-) TimerEvent: {}
[147.299113] (-) TimerEvent: {}
[147.400136] (-) TimerEvent: {}
[147.506668] (-) TimerEvent: {}
[147.607584] (-) TimerEvent: {}
[147.708589] (-) TimerEvent: {}
[147.809553] (-) TimerEvent: {}
[147.910449] (-) TimerEvent: {}
[148.011425] (-) TimerEvent: {}
[148.023869] (micro_ros_agent) StdoutLine: {'line': b'[ 57%] \x1b[32mBuilding CXX object CMakeFiles/microxrcedds_agent.dir/src/cpp/transport/udp/UDPv4AgentLinux.cpp.o\x1b[0m\n'}
[148.114303] (-) TimerEvent: {}
[148.215560] (-) TimerEvent: {}
[148.316635] (-) TimerEvent: {}
[148.422346] (-) TimerEvent: {}
[148.526634] (-) TimerEvent: {}
[148.629821] (-) TimerEvent: {}
[148.738516] (-) TimerEvent: {}
[148.842519] (-) TimerEvent: {}
[148.946570] (-) TimerEvent: {}
[149.046724] (micro_ros_agent) StdoutLine: {'line': b'[ 59%] \x1b[32mBuilding CXX object CMakeFiles/microxrcedds_agent.dir/src/cpp/transport/udp/UDPv6AgentLinux.cpp.o\x1b[0m\n'}
[149.047705] (-) TimerEvent: {}
[149.155916] (-) TimerEvent: {}
[149.260503] (-) TimerEvent: {}
[149.364141] (-) TimerEvent: {}
[149.465265] (-) TimerEvent: {}
[149.566183] (-) TimerEvent: {}
[149.667879] (-) TimerEvent: {}
[149.768770] (-) TimerEvent: {}
[149.869710] (-) TimerEvent: {}
[149.971342] (-) TimerEvent: {}
[150.073048] (-) TimerEvent: {}
[150.173991] (-) TimerEvent: {}
[150.274940] (-) TimerEvent: {}
[150.375759] (-) TimerEvent: {}
[150.476590] (-) TimerEvent: {}
[150.577406] (-) TimerEvent: {}
[150.678259] (-) TimerEvent: {}
[150.779127] (-) TimerEvent: {}
[150.880031] (-) TimerEvent: {}
[150.981465] (-) TimerEvent: {}
[151.086440] (-) TimerEvent: {}
[151.187890] (-) TimerEvent: {}
[151.288756] (-) TimerEvent: {}
[151.389578] (-) TimerEvent: {}
[151.495349] (-) TimerEvent: {}
[151.596305] (-) TimerEvent: {}
[151.697296] (-) TimerEvent: {}
[151.798217] (-) TimerEvent: {}
[151.899185] (-) TimerEvent: {}
[152.000030] (-) TimerEvent: {}
[152.100889] (-) TimerEvent: {}
[152.201721] (-) TimerEvent: {}
[152.306516] (-) TimerEvent: {}
[152.407389] (-) TimerEvent: {}
[152.508320] (-) TimerEvent: {}
[152.609860] (-) TimerEvent: {}
[152.712002] (-) TimerEvent: {}
[152.814273] (-) TimerEvent: {}
[152.917494] (-) TimerEvent: {}
[153.023016] (-) TimerEvent: {}
[153.125206] (-) TimerEvent: {}
[153.226463] (-) TimerEvent: {}
[153.330285] (-) TimerEvent: {}
[153.431230] (-) TimerEvent: {}
[153.532188] (-) TimerEvent: {}
[153.633123] (-) TimerEvent: {}
[153.738280] (-) TimerEvent: {}
[153.839256] (-) TimerEvent: {}
[153.940209] (-) TimerEvent: {}
[154.041285] (-) TimerEvent: {}
[154.145187] (-) TimerEvent: {}
[154.247532] (-) TimerEvent: {}
[154.348413] (-) TimerEvent: {}
[154.449480] (-) TimerEvent: {}
[154.554291] (-) TimerEvent: {}
[154.655373] (-) TimerEvent: {}
[154.756531] (-) TimerEvent: {}
[154.858045] (-) TimerEvent: {}
[154.962271] (-) TimerEvent: {}
[155.063176] (-) TimerEvent: {}
[155.164155] (-) TimerEvent: {}
[155.265074] (-) TimerEvent: {}
[155.366187] (-) TimerEvent: {}
[155.467103] (-) TimerEvent: {}
[155.569302] (-) TimerEvent: {}
[155.673139] (-) TimerEvent: {}
[155.775047] (-) TimerEvent: {}
[155.877047] (-) TimerEvent: {}
[155.979332] (-) TimerEvent: {}
[156.081486] (-) TimerEvent: {}
[156.183434] (-) TimerEvent: {}
[156.285567] (-) TimerEvent: {}
[156.390303] (-) TimerEvent: {}
[156.491306] (-) TimerEvent: {}
[156.592108] (-) TimerEvent: {}
[156.693295] (-) TimerEvent: {}
[156.798286] (-) TimerEvent: {}
[156.899234] (-) TimerEvent: {}
[157.000152] (-) TimerEvent: {}
[157.101091] (-) TimerEvent: {}
[157.206293] (-) TimerEvent: {}
[157.307223] (-) TimerEvent: {}
[157.408144] (-) TimerEvent: {}
[157.509144] (-) TimerEvent: {}
[157.610029] (-) TimerEvent: {}
[157.711091] (-) TimerEvent: {}
[157.814307] (-) TimerEvent: {}
[157.915304] (-) TimerEvent: {}
[158.016196] (-) TimerEvent: {}
[158.117596] (-) TimerEvent: {}
[158.220256] (-) TimerEvent: {}
[158.326280] (-) TimerEvent: {}
[158.427375] (-) TimerEvent: {}
[158.528466] (-) TimerEvent: {}
[158.629540] (-) TimerEvent: {}
[158.730732] (-) TimerEvent: {}
[158.833813] (-) TimerEvent: {}
[158.938527] (-) TimerEvent: {}
[159.039570] (-) TimerEvent: {}
[159.140527] (-) TimerEvent: {}
[159.241746] (-) TimerEvent: {}
[159.344149] (-) TimerEvent: {}
[159.450418] (-) TimerEvent: {}
[159.551502] (-) TimerEvent: {}
[159.652391] (-) TimerEvent: {}
[159.753347] (-) TimerEvent: {}
[159.854381] (-) TimerEvent: {}
[159.958284] (-) TimerEvent: {}
[160.059206] (-) TimerEvent: {}
[160.160276] (-) TimerEvent: {}
[160.261389] (-) TimerEvent: {}
[160.363538] (-) TimerEvent: {}
[160.470312] (-) TimerEvent: {}
[160.571350] (-) TimerEvent: {}
[160.672301] (-) TimerEvent: {}
[160.773470] (-) TimerEvent: {}
[160.874416] (-) TimerEvent: {}
[160.976206] (-) TimerEvent: {}
[161.082455] (-) TimerEvent: {}
[161.183506] (-) TimerEvent: {}
[161.284389] (-) TimerEvent: {}
[161.385423] (-) TimerEvent: {}
[161.486373] (-) TimerEvent: {}
[161.587383] (-) TimerEvent: {}
[161.689485] (-) TimerEvent: {}
[161.790529] (-) TimerEvent: {}
[161.894292] (-) TimerEvent: {}
[161.995329] (-) TimerEvent: {}
[162.096298] (-) TimerEvent: {}
[162.197375] (-) TimerEvent: {}
[162.298504] (-) TimerEvent: {}
[162.399532] (-) TimerEvent: {}
[162.500788] (-) TimerEvent: {}
[162.601816] (-) TimerEvent: {}
[162.702757] (-) TimerEvent: {}
[162.804938] (-) TimerEvent: {}
[162.910332] (-) TimerEvent: {}
[163.011395] (-) TimerEvent: {}
[163.112413] (-) TimerEvent: {}
[163.214449] (-) TimerEvent: {}
[163.319030] (-) TimerEvent: {}
[163.419950] (-) TimerEvent: {}
[163.521063] (-) TimerEvent: {}
[163.626310] (-) TimerEvent: {}
[163.727463] (-) TimerEvent: {}
[163.828636] (-) TimerEvent: {}
[163.929945] (-) TimerEvent: {}
[164.032771] (-) TimerEvent: {}
[164.133692] (-) TimerEvent: {}
[164.236098] (-) TimerEvent: {}
[164.338415] (-) TimerEvent: {}
[164.440308] (-) TimerEvent: {}
[164.542019] (-) TimerEvent: {}
[164.644024] (-) TimerEvent: {}
[164.745929] (-) TimerEvent: {}
[164.848193] (-) TimerEvent: {}
[164.950210] (-) TimerEvent: {}
[165.052398] (-) TimerEvent: {}
[165.158309] (-) TimerEvent: {}
[165.259246] (-) TimerEvent: {}
[165.360289] (-) TimerEvent: {}
[165.461314] (-) TimerEvent: {}
[165.562277] (-) TimerEvent: {}
[165.663692] (-) TimerEvent: {}
[165.764729] (-) TimerEvent: {}
[165.866818] (-) TimerEvent: {}
[165.968706] (-) TimerEvent: {}
[166.070862] (-) TimerEvent: {}
[166.172799] (-) TimerEvent: {}
[166.274727] (-) TimerEvent: {}
[166.376650] (-) TimerEvent: {}
[166.482292] (-) TimerEvent: {}
[166.583264] (-) TimerEvent: {}
[166.684266] (-) TimerEvent: {}
[166.785368] (-) TimerEvent: {}
[166.886322] (-) TimerEvent: {}
[166.990401] (-) TimerEvent: {}
[167.091322] (-) TimerEvent: {}
[167.192195] (-) TimerEvent: {}
[167.293477] (-) TimerEvent: {}
[167.395690] (-) TimerEvent: {}
[167.408786] (micro_ros_agent) StdoutLine: {'line': b'[ 61%] \x1b[32mBuilding CXX object CMakeFiles/microxrcedds_agent.dir/src/cpp/transport/tcp/TCPv4AgentLinux.cpp.o\x1b[0m\n'}
[167.495907] (-) TimerEvent: {}
[167.597915] (-) TimerEvent: {}
[167.701185] (-) TimerEvent: {}
[167.801945] (-) TimerEvent: {}
[167.902860] (-) TimerEvent: {}
[168.004920] (-) TimerEvent: {}
[168.105737] (-) TimerEvent: {}
[168.210417] (-) TimerEvent: {}
[168.311306] (-) TimerEvent: {}
[168.412250] (-) TimerEvent: {}
[168.418563] (micro_ros_agent) StdoutLine: {'line': b'[ 64%] \x1b[32mBuilding CXX object CMakeFiles/microxrcedds_agent.dir/src/cpp/transport/tcp/TCPv6AgentLinux.cpp.o\x1b[0m\n'}
[168.512482] (-) TimerEvent: {}
[168.613398] (-) TimerEvent: {}
[168.718555] (-) TimerEvent: {}
[168.819377] (-) TimerEvent: {}
[168.920189] (-) TimerEvent: {}
[169.021053] (-) TimerEvent: {}
[169.121984] (-) TimerEvent: {}
[169.225407] (-) TimerEvent: {}
[169.327469] (-) TimerEvent: {}
[169.429340] (-) TimerEvent: {}
[169.534660] (-) TimerEvent: {}
[169.635659] (-) TimerEvent: {}
[169.736553] (-) TimerEvent: {}
[169.837467] (-) TimerEvent: {}
[169.939378] (-) TimerEvent: {}
[170.042603] (-) TimerEvent: {}
[170.069015] (micro_ros_agent) StdoutLine: {'line': b'[ 66%] \x1b[32mBuilding CXX object CMakeFiles/microxrcedds_agent.dir/src/cpp/transport/serial/SerialAgentLinux.cpp.o\x1b[0m\n'}
[170.146270] (-) TimerEvent: {}
[170.247159] (-) TimerEvent: {}
[170.347998] (-) TimerEvent: {}
[170.448852] (-) TimerEvent: {}
[170.549778] (-) TimerEvent: {}
[170.654275] (-) TimerEvent: {}
[170.755270] (-) TimerEvent: {}
[170.856292] (-) TimerEvent: {}
[170.957225] (-) TimerEvent: {}
[171.062687] (-) TimerEvent: {}
[171.163734] (-) TimerEvent: {}
[171.264767] (-) TimerEvent: {}
[171.365766] (-) TimerEvent: {}
[171.470601] (-) TimerEvent: {}
[171.571562] (-) TimerEvent: {}
[171.672627] (-) TimerEvent: {}
[171.774480] (-) TimerEvent: {}
[171.878621] (-) TimerEvent: {}
[171.979565] (-) TimerEvent: {}
[172.080493] (-) TimerEvent: {}
[172.182215] (-) TimerEvent: {}
[172.286556] (-) TimerEvent: {}
[172.387501] (-) TimerEvent: {}
[172.488452] (-) TimerEvent: {}
[172.590499] (-) TimerEvent: {}
[172.694295] (-) TimerEvent: {}
[172.795165] (-) TimerEvent: {}
[172.896077] (-) TimerEvent: {}
[172.996975] (-) TimerEvent: {}
[173.097852] (-) TimerEvent: {}
[173.202303] (-) TimerEvent: {}
[173.303253] (-) TimerEvent: {}
[173.404147] (-) TimerEvent: {}
[173.505092] (-) TimerEvent: {}
[173.605981] (-) TimerEvent: {}
[173.710268] (-) TimerEvent: {}
[173.811126] (-) TimerEvent: {}
[173.911983] (-) TimerEvent: {}
[174.012852] (-) TimerEvent: {}
[174.113711] (-) TimerEvent: {}
[174.218271] (-) TimerEvent: {}
[174.319145] (-) TimerEvent: {}
[174.420084] (-) TimerEvent: {}
[174.521066] (-) TimerEvent: {}
[174.621945] (-) TimerEvent: {}
[174.726293] (-) TimerEvent: {}
[174.827252] (-) TimerEvent: {}
[174.928145] (-) TimerEvent: {}
[175.030975] (-) TimerEvent: {}
[175.138630] (-) TimerEvent: {}
[175.240777] (-) TimerEvent: {}
[175.343450] (-) TimerEvent: {}
[175.436781] (micro_ros_agent) StdoutLine: {'line': b'[ 69%] \x1b[32mBuilding CXX object CMakeFiles/microxrcedds_agent.dir/src/cpp/transport/serial/TermiosAgentLinux.cpp.o\x1b[0m\n'}
[175.446280] (-) TimerEvent: {}
[175.548713] (-) TimerEvent: {}
[175.649902] (-) TimerEvent: {}
[175.754274] (-) TimerEvent: {}
[175.856697] (-) TimerEvent: {}
[175.958765] (-) TimerEvent: {}
[176.059644] (-) TimerEvent: {}
[176.160552] (-) TimerEvent: {}
[176.266640] (-) TimerEvent: {}
[176.367626] (-) TimerEvent: {}
[176.468623] (-) TimerEvent: {}
[176.569530] (-) TimerEvent: {}
[176.670572] (-) TimerEvent: {}
[176.774582] (-) TimerEvent: {}
[176.875537] (-) TimerEvent: {}
[176.976512] (-) TimerEvent: {}
[177.077361] (-) TimerEvent: {}
[177.178260] (-) TimerEvent: {}
[177.282266] (-) TimerEvent: {}
[177.383139] (-) TimerEvent: {}
[177.483963] (-) TimerEvent: {}
[177.584781] (-) TimerEvent: {}
[177.685741] (-) TimerEvent: {}
[177.790593] (-) TimerEvent: {}
[177.891511] (-) TimerEvent: {}
[177.992455] (-) TimerEvent: {}
[178.093332] (-) TimerEvent: {}
[178.194191] (-) TimerEvent: {}
[178.298315] (-) TimerEvent: {}
[178.399202] (-) TimerEvent: {}
[178.500084] (-) TimerEvent: {}
[178.601095] (-) TimerEvent: {}
[178.701988] (-) TimerEvent: {}
[178.806295] (-) TimerEvent: {}
[178.907164] (-) TimerEvent: {}
[179.008072] (-) TimerEvent: {}
[179.108899] (-) TimerEvent: {}
[179.209848] (-) TimerEvent: {}
[179.312025] (-) TimerEvent: {}
[179.412896] (-) TimerEvent: {}
[179.513803] (-) TimerEvent: {}
[179.618288] (-) TimerEvent: {}
[179.719206] (-) TimerEvent: {}
[179.820111] (-) TimerEvent: {}
[179.922007] (-) TimerEvent: {}
[180.026291] (-) TimerEvent: {}
[180.127234] (-) TimerEvent: {}
[180.228164] (-) TimerEvent: {}
[180.329806] (-) TimerEvent: {}
[180.431082] (-) TimerEvent: {}
[180.532088] (-) TimerEvent: {}
[180.633216] (-) TimerEvent: {}
[180.734626] (-) TimerEvent: {}
[180.835509] (-) TimerEvent: {}
[180.938648] (-) TimerEvent: {}
[181.039577] (-) TimerEvent: {}
[181.142877] (-) TimerEvent: {}
[181.246907] (-) TimerEvent: {}
[181.348097] (-) TimerEvent: {}
[181.448942] (-) TimerEvent: {}
[181.554658] (-) TimerEvent: {}
[181.655618] (-) TimerEvent: {}
[181.756669] (-) TimerEvent: {}
[181.862373] (-) TimerEvent: {}
[181.963224] (-) TimerEvent: {}
[182.064212] (-) TimerEvent: {}
[182.165200] (-) TimerEvent: {}
[182.266285] (-) TimerEvent: {}
[182.368390] (-) TimerEvent: {}
[182.469316] (-) TimerEvent: {}
[182.570245] (-) TimerEvent: {}
[182.674301] (-) TimerEvent: {}
[182.775222] (-) TimerEvent: {}
[182.876099] (-) TimerEvent: {}
[182.976945] (-) TimerEvent: {}
[183.077911] (-) TimerEvent: {}
[183.182356] (-) TimerEvent: {}
[183.283408] (-) TimerEvent: {}
[183.384257] (-) TimerEvent: {}
[183.485081] (-) TimerEvent: {}
[183.585995] (-) TimerEvent: {}
[183.690344] (-) TimerEvent: {}
[183.791438] (-) TimerEvent: {}
[183.892374] (-) TimerEvent: {}
[183.993172] (-) TimerEvent: {}
[184.094028] (-) TimerEvent: {}
[184.198277] (-) TimerEvent: {}
[184.299089] (-) TimerEvent: {}
[184.399945] (-) TimerEvent: {}
[184.500792] (-) TimerEvent: {}
[184.601651] (-) TimerEvent: {}
[184.706309] (-) TimerEvent: {}
[184.808182] (-) TimerEvent: {}
[184.909159] (-) TimerEvent: {}
[185.010003] (-) TimerEvent: {}
[185.114287] (-) TimerEvent: {}
[185.215236] (-) TimerEvent: {}
[185.316096] (-) TimerEvent: {}
[185.417094] (-) TimerEvent: {}
[185.517928] (-) TimerEvent: {}
[185.622353] (-) TimerEvent: {}
[185.723382] (-) TimerEvent: {}
[185.824345] (-) TimerEvent: {}
[185.925342] (-) TimerEvent: {}
[186.030272] (-) TimerEvent: {}
[186.131622] (-) TimerEvent: {}
[186.232635] (-) TimerEvent: {}
[186.333626] (-) TimerEvent: {}
[186.438298] (-) TimerEvent: {}
[186.539297] (-) TimerEvent: {}
[186.640336] (-) TimerEvent: {}
[186.741398] (-) TimerEvent: {}
[186.843204] (-) TimerEvent: {}
[186.946394] (-) TimerEvent: {}
[187.050279] (-) TimerEvent: {}
[187.151212] (-) TimerEvent: {}
[187.253048] (-) TimerEvent: {}
[187.354381] (-) TimerEvent: {}
[187.458538] (-) TimerEvent: {}
[187.559414] (-) TimerEvent: {}
[187.660389] (-) TimerEvent: {}
[187.761331] (-) TimerEvent: {}
[187.866763] (-) TimerEvent: {}
[187.968611] (-) TimerEvent: {}
[188.070506] (-) TimerEvent: {}
[188.174887] (-) TimerEvent: {}
[188.176511] (micro_ros_agent) StdoutLine: {'line': b'[ 71%] \x1b[32mBuilding CXX object CMakeFiles/microxrcedds_agent.dir/src/cpp/transport/serial/MultiSerialAgentLinux.cpp.o\x1b[0m\n'}
[188.275201] (-) TimerEvent: {}
[188.378866] (-) TimerEvent: {}
[188.481855] (-) TimerEvent: {}
[188.585709] (-) TimerEvent: {}
[188.690496] (-) TimerEvent: {}
[188.791540] (-) TimerEvent: {}
[188.892745] (-) TimerEvent: {}
[188.993667] (-) TimerEvent: {}
[189.098503] (-) TimerEvent: {}
[189.199410] (-) TimerEvent: {}
[189.300387] (-) TimerEvent: {}
[189.401223] (-) TimerEvent: {}
[189.506388] (-) TimerEvent: {}
[189.607302] (-) TimerEvent: {}
[189.708217] (-) TimerEvent: {}
[189.809459] (-) TimerEvent: {}
[189.914637] (-) TimerEvent: {}
[190.015472] (-) TimerEvent: {}
[190.116304] (-) TimerEvent: {}
[190.217202] (-) TimerEvent: {}
[190.319819] (-) TimerEvent: {}
[190.420742] (-) TimerEvent: {}
[190.526770] (-) TimerEvent: {}
[190.627851] (-) TimerEvent: {}
[190.729016] (-) TimerEvent: {}
[190.829947] (-) TimerEvent: {}
[190.934277] (-) TimerEvent: {}
[191.035332] (-) TimerEvent: {}
[191.136511] (-) TimerEvent: {}
[191.237818] (-) TimerEvent: {}
[191.342775] (-) TimerEvent: {}
[191.443757] (-) TimerEvent: {}
[191.544780] (-) TimerEvent: {}
[191.645886] (-) TimerEvent: {}
[191.751575] (-) TimerEvent: {}
[191.852642] (-) TimerEvent: {}
[191.953982] (-) TimerEvent: {}
[192.059706] (-) TimerEvent: {}
[192.160497] (-) TimerEvent: {}
[192.261518] (-) TimerEvent: {}
[192.362417] (-) TimerEvent: {}
[192.463673] (-) TimerEvent: {}
[192.566503] (-) TimerEvent: {}
[192.667355] (-) TimerEvent: {}
[192.770477] (-) TimerEvent: {}
[192.871354] (-) TimerEvent: {}
[192.974636] (-) TimerEvent: {}
[193.075704] (-) TimerEvent: {}
[193.176731] (-) TimerEvent: {}
[193.277782] (-) TimerEvent: {}
[193.378647] (-) TimerEvent: {}
[193.479519] (-) TimerEvent: {}
[193.580380] (-) TimerEvent: {}
[193.685799] (micro_ros_agent) StdoutLine: {'line': b'[ 73%] \x1b[32mBuilding CXX object CMakeFiles/microxrcedds_agent.dir/src/cpp/transport/serial/MultiTermiosAgentLinux.cpp.o\x1b[0m\n'}
[193.686532] (-) TimerEvent: {}
[193.787300] (-) TimerEvent: {}
[193.792118] (micro_ros_agent) StdoutLine: {'line': b'[ 76%] \x1b[32mBuilding CXX object CMakeFiles/microxrcedds_agent.dir/src/cpp/transport/serial/PseudoTerminalAgentLinux.cpp.o\x1b[0m\n'}
[193.887510] (-) TimerEvent: {}
[193.987198] (micro_ros_agent) StdoutLine: {'line': b'[ 78%] \x1b[32mBuilding CXX object CMakeFiles/microxrcedds_agent.dir/src/cpp/transport/can/CanAgentLinux.cpp.o\x1b[0m\n'}
[193.987971] (-) TimerEvent: {}
[194.094359] (-) TimerEvent: {}
[194.195276] (-) TimerEvent: {}
[194.297102] (-) TimerEvent: {}
[194.398340] (-) TimerEvent: {}
[194.509216] (-) TimerEvent: {}
[194.612847] (-) TimerEvent: {}
[194.716620] (-) TimerEvent: {}
[194.820984] (-) TimerEvent: {}
[194.925354] (-) TimerEvent: {}
[195.033372] (-) TimerEvent: {}
[195.134474] (-) TimerEvent: {}
[195.235741] (-) TimerEvent: {}
[195.342554] (-) TimerEvent: {}
[195.443577] (-) TimerEvent: {}
[195.545678] (-) TimerEvent: {}
[195.647656] (-) TimerEvent: {}
[195.754324] (-) TimerEvent: {}
[195.856312] (-) TimerEvent: {}
[195.957296] (-) TimerEvent: {}
[196.058188] (-) TimerEvent: {}
[196.162726] (-) TimerEvent: {}
[196.263852] (-) TimerEvent: {}
[196.365023] (-) TimerEvent: {}
[196.465968] (-) TimerEvent: {}
[196.570290] (-) TimerEvent: {}
[196.671161] (-) TimerEvent: {}
[196.772030] (-) TimerEvent: {}
[196.872901] (-) TimerEvent: {}
[196.973780] (-) TimerEvent: {}
[197.078290] (-) TimerEvent: {}
[197.179212] (-) TimerEvent: {}
[197.280164] (-) TimerEvent: {}
[197.381134] (-) TimerEvent: {}
[197.481976] (-) TimerEvent: {}
[197.586286] (-) TimerEvent: {}
[197.687130] (-) TimerEvent: {}
[197.787982] (-) TimerEvent: {}
[197.888870] (-) TimerEvent: {}
[197.989765] (-) TimerEvent: {}
[198.091565] (-) TimerEvent: {}
[198.192466] (-) TimerEvent: {}
[198.293349] (-) TimerEvent: {}
[198.398580] (-) TimerEvent: {}
[198.499545] (-) TimerEvent: {}
[198.600577] (-) TimerEvent: {}
[198.701488] (-) TimerEvent: {}
[198.806316] (-) TimerEvent: {}
[198.907237] (-) TimerEvent: {}
[199.008101] (-) TimerEvent: {}
[199.108941] (-) TimerEvent: {}
[199.209797] (-) TimerEvent: {}
[199.314304] (-) TimerEvent: {}
[199.415223] (-) TimerEvent: {}
[199.516090] (-) TimerEvent: {}
[199.617017] (-) TimerEvent: {}
[199.717918] (-) TimerEvent: {}
[199.822291] (-) TimerEvent: {}
[199.923246] (-) TimerEvent: {}
[200.024128] (-) TimerEvent: {}
[200.124988] (-) TimerEvent: {}
[200.225922] (-) TimerEvent: {}
[200.330732] (-) TimerEvent: {}
[200.431832] (-) TimerEvent: {}
[200.532946] (-) TimerEvent: {}
[200.638274] (-) TimerEvent: {}
[200.740745] (-) TimerEvent: {}
[200.842990] (-) TimerEvent: {}
[200.945287] (-) TimerEvent: {}
[201.050321] (-) TimerEvent: {}
[201.151538] (-) TimerEvent: {}
[201.252751] (-) TimerEvent: {}
[201.358835] (-) TimerEvent: {}
[201.460045] (-) TimerEvent: {}
[201.561712] (-) TimerEvent: {}
[201.663692] (-) TimerEvent: {}
[201.764943] (-) TimerEvent: {}
[201.871599] (-) TimerEvent: {}
[201.973804] (-) TimerEvent: {}
[202.075238] (-) TimerEvent: {}
[202.176093] (-) TimerEvent: {}
[202.277043] (-) TimerEvent: {}
[202.382717] (-) TimerEvent: {}
[202.483697] (-) TimerEvent: {}
[202.584764] (-) TimerEvent: {}
[202.685773] (-) TimerEvent: {}
[202.788770] (-) TimerEvent: {}
[202.894659] (-) TimerEvent: {}
[202.995814] (-) TimerEvent: {}
[203.096985] (-) TimerEvent: {}
[203.198259] (-) TimerEvent: {}
[203.302319] (-) TimerEvent: {}
[203.403571] (-) TimerEvent: {}
[203.505691] (-) TimerEvent: {}
[203.610376] (-) TimerEvent: {}
[203.711292] (-) TimerEvent: {}
[203.812287] (-) TimerEvent: {}
[203.913170] (-) TimerEvent: {}
[204.014133] (-) TimerEvent: {}
[204.118528] (-) TimerEvent: {}
[204.219530] (-) TimerEvent: {}
[204.320524] (-) TimerEvent: {}
[204.426308] (-) TimerEvent: {}
[204.527263] (-) TimerEvent: {}
[204.628163] (-) TimerEvent: {}
[204.729224] (-) TimerEvent: {}
[204.830174] (-) TimerEvent: {}
[204.932925] (-) TimerEvent: {}
[205.038487] (-) TimerEvent: {}
[205.139344] (-) TimerEvent: {}
[205.240247] (-) TimerEvent: {}
[205.341110] (-) TimerEvent: {}
[205.441946] (-) TimerEvent: {}
[205.542856] (-) TimerEvent: {}
[205.643939] (-) TimerEvent: {}
[205.744811] (-) TimerEvent: {}
[205.845714] (-) TimerEvent: {}
[205.950491] (-) TimerEvent: {}
[206.051988] (-) TimerEvent: {}
[206.153048] (-) TimerEvent: {}
[206.258653] (-) TimerEvent: {}
[206.359602] (-) TimerEvent: {}
[206.460586] (-) TimerEvent: {}
[206.561528] (-) TimerEvent: {}
[206.665959] (-) TimerEvent: {}
[206.767198] (-) TimerEvent: {}
[206.868120] (-) TimerEvent: {}
[206.969093] (-) TimerEvent: {}
[207.070183] (-) TimerEvent: {}
[207.174314] (-) TimerEvent: {}
[207.275316] (-) TimerEvent: {}
[207.376436] (-) TimerEvent: {}
[207.477471] (-) TimerEvent: {}
[207.582293] (-) TimerEvent: {}
[207.683194] (-) TimerEvent: {}
[207.784092] (-) TimerEvent: {}
[207.885091] (-) TimerEvent: {}
[207.985912] (-) TimerEvent: {}
[208.090319] (-) TimerEvent: {}
[208.191256] (-) TimerEvent: {}
[208.292141] (-) TimerEvent: {}
[208.393132] (-) TimerEvent: {}
[208.498347] (-) TimerEvent: {}
[208.599462] (-) TimerEvent: {}
[208.700476] (-) TimerEvent: {}
[208.807647] (-) TimerEvent: {}
[208.909324] (-) TimerEvent: {}
[209.010229] (-) TimerEvent: {}
[209.047531] (micro_ros_agent) StdoutLine: {'line': b'[ 80%] \x1b[32mBuilding CXX object CMakeFiles/microxrcedds_agent.dir/src/cpp/transport/discovery/DiscoveryServerLinux.cpp.o\x1b[0m\n'}
[209.110385] (-) TimerEvent: {}
[209.214268] (-) TimerEvent: {}
[209.315171] (-) TimerEvent: {}
[209.416184] (-) TimerEvent: {}
[209.517092] (-) TimerEvent: {}
[209.617988] (-) TimerEvent: {}
[209.719114] (-) TimerEvent: {}
[209.820089] (-) TimerEvent: {}
[209.921025] (-) TimerEvent: {}
[210.022000] (-) TimerEvent: {}
[210.127823] (-) TimerEvent: {}
[210.228770] (-) TimerEvent: {}
[210.329716] (-) TimerEvent: {}
[210.431030] (-) TimerEvent: {}
[210.534637] (-) TimerEvent: {}
[210.635745] (-) TimerEvent: {}
[210.737529] (-) TimerEvent: {}
[210.842846] (-) TimerEvent: {}
[210.874365] (micro_ros_agent) StdoutLine: {'line': b'[ 83%] \x1b[32mBuilding CXX object CMakeFiles/microxrcedds_agent.dir/src/cpp/transport/discovery/DiscoveryServer.cpp.o\x1b[0m\n'}
[210.943080] (-) TimerEvent: {}
[211.044813] (-) TimerEvent: {}
[211.147379] (-) TimerEvent: {}
[211.250573] (-) TimerEvent: {}
[211.351510] (-) TimerEvent: {}
[211.452428] (-) TimerEvent: {}
[211.553425] (-) TimerEvent: {}
[211.658711] (-) TimerEvent: {}
[211.759769] (-) TimerEvent: {}
[211.860685] (-) TimerEvent: {}
[211.961619] (-) TimerEvent: {}
[212.043099] (micro_ros_agent) StdoutLine: {'line': b'[ 85%] \x1b[32mBuilding CXX object CMakeFiles/microxrcedds_agent.dir/src/cpp/types/TopicPubSubType.cpp.o\x1b[0m\n'}
[212.061838] (-) TimerEvent: {}
[212.162692] (-) TimerEvent: {}
[212.266316] (-) TimerEvent: {}
[212.367270] (-) TimerEvent: {}
[212.468080] (-) TimerEvent: {}
[212.569019] (-) TimerEvent: {}
[212.669875] (-) TimerEvent: {}
[212.774289] (-) TimerEvent: {}
[212.875248] (-) TimerEvent: {}
[212.976189] (-) TimerEvent: {}
[213.077210] (-) TimerEvent: {}
[213.178307] (-) TimerEvent: {}
[213.282275] (-) TimerEvent: {}
[213.383079] (-) TimerEvent: {}
[213.484074] (-) TimerEvent: {}
[213.542445] (micro_ros_agent) StdoutLine: {'line': b'[ 88%] \x1b[32mBuilding CXX object CMakeFiles/microxrcedds_agent.dir/src/cpp/xmlobjects/xmlobjects.cpp.o\x1b[0m\n'}
[213.584279] (-) TimerEvent: {}
[213.685533] (-) TimerEvent: {}
[213.786859] (-) TimerEvent: {}
[213.890275] (-) TimerEvent: {}
[213.991232] (-) TimerEvent: {}
[214.092115] (-) TimerEvent: {}
[214.193117] (-) TimerEvent: {}
[214.293948] (-) TimerEvent: {}
[214.398301] (-) TimerEvent: {}
[214.499176] (-) TimerEvent: {}
[214.600051] (-) TimerEvent: {}
[214.700892] (-) TimerEvent: {}
[214.801948] (-) TimerEvent: {}
[214.867980] (micro_ros_agent) StdoutLine: {'line': b'[ 90%] \x1b[32mBuilding CXX object CMakeFiles/microxrcedds_agent.dir/src/cpp/middleware/fast/FastEntities.cpp.o\x1b[0m\n'}
[214.902227] (-) TimerEvent: {}
[215.003217] (-) TimerEvent: {}
[215.104158] (-) TimerEvent: {}
[215.205764] (-) TimerEvent: {}
[215.308399] (-) TimerEvent: {}
[215.409229] (-) TimerEvent: {}
[215.514595] (-) TimerEvent: {}
[215.615557] (-) TimerEvent: {}
[215.716465] (-) TimerEvent: {}
[215.817453] (-) TimerEvent: {}
[215.922351] (-) TimerEvent: {}
[216.023331] (-) TimerEvent: {}
[216.124472] (-) TimerEvent: {}
[216.225454] (-) TimerEvent: {}
[216.330655] (-) TimerEvent: {}
[216.431643] (-) TimerEvent: {}
[216.532565] (-) TimerEvent: {}
[216.633658] (-) TimerEvent: {}
[216.738281] (-) TimerEvent: {}
[216.839108] (-) TimerEvent: {}
[216.939990] (-) TimerEvent: {}
[217.040871] (-) TimerEvent: {}
[217.141771] (-) TimerEvent: {}
[217.246282] (-) TimerEvent: {}
[217.347228] (-) TimerEvent: {}
[217.448127] (-) TimerEvent: {}
[217.548995] (-) TimerEvent: {}
[217.649940] (-) TimerEvent: {}
[217.754277] (-) TimerEvent: {}
[217.855142] (-) TimerEvent: {}
[217.956035] (-) TimerEvent: {}
[218.056917] (-) TimerEvent: {}
[218.157781] (-) TimerEvent: {}
[218.262304] (-) TimerEvent: {}
[218.363230] (-) TimerEvent: {}
[218.464092] (-) TimerEvent: {}
[218.564933] (-) TimerEvent: {}
[218.665788] (-) TimerEvent: {}
[218.770282] (-) TimerEvent: {}
[218.871098] (-) TimerEvent: {}
[218.972019] (-) TimerEvent: {}
[219.072825] (-) TimerEvent: {}
[219.173679] (-) TimerEvent: {}
[219.278278] (-) TimerEvent: {}
[219.379098] (-) TimerEvent: {}
[219.479890] (-) TimerEvent: {}
[219.580750] (-) TimerEvent: {}
[219.681637] (-) TimerEvent: {}
[219.783053] (-) TimerEvent: {}
[219.886622] (-) TimerEvent: {}
[219.987550] (-) TimerEvent: {}
[220.088607] (-) TimerEvent: {}
[220.166237] (micro_ros_agent) StdoutLine: {'line': b'[ 92%] \x1b[32mBuilding CXX object CMakeFiles/microxrcedds_agent.dir/src/cpp/middleware/fast/FastMiddleware.cpp.o\x1b[0m\n'}
[220.188878] (-) TimerEvent: {}
[220.293216] (-) TimerEvent: {}
[220.402517] (-) TimerEvent: {}
[220.507023] (-) TimerEvent: {}
[220.611440] (-) TimerEvent: {}
[220.715681] (-) TimerEvent: {}
[220.822278] (-) TimerEvent: {}
[220.924940] (-) TimerEvent: {}
[221.029141] (-) TimerEvent: {}
[221.133711] (-) TimerEvent: {}
[221.238543] (-) TimerEvent: {}
[221.340292] (-) TimerEvent: {}
[221.441971] (-) TimerEvent: {}
[221.546512] (-) TimerEvent: {}
[221.648065] (-) TimerEvent: {}
[221.749835] (-) TimerEvent: {}
[221.850754] (-) TimerEvent: {}
[221.951700] (-) TimerEvent: {}
[222.052629] (-) TimerEvent: {}
[222.153502] (-) TimerEvent: {}
[222.254337] (-) TimerEvent: {}
[222.356128] (-) TimerEvent: {}
[222.457091] (-) TimerEvent: {}
[222.557971] (-) TimerEvent: {}
[222.662316] (-) TimerEvent: {}
[222.763227] (-) TimerEvent: {}
[222.866301] (-) TimerEvent: {}
[222.970422] (-) TimerEvent: {}
[223.072116] (-) TimerEvent: {}
[223.173037] (-) TimerEvent: {}
[223.273915] (-) TimerEvent: {}
[223.375517] (-) TimerEvent: {}
[223.476346] (-) TimerEvent: {}
[223.577243] (-) TimerEvent: {}
[223.678044] (-) TimerEvent: {}
[223.778917] (-) TimerEvent: {}
[223.880598] (-) TimerEvent: {}
[223.981469] (-) TimerEvent: {}
[224.082291] (-) TimerEvent: {}
[224.183980] (-) TimerEvent: {}
[224.284879] (-) TimerEvent: {}
[224.385806] (-) TimerEvent: {}
[224.490311] (-) TimerEvent: {}
[224.591355] (-) TimerEvent: {}
[224.692353] (-) TimerEvent: {}
[224.793387] (-) TimerEvent: {}
[224.898317] (-) TimerEvent: {}
[224.999384] (-) TimerEvent: {}
[225.100579] (-) TimerEvent: {}
[225.201815] (-) TimerEvent: {}
[225.303539] (-) TimerEvent: {}
[225.406451] (-) TimerEvent: {}
[225.508060] (-) TimerEvent: {}
[225.610519] (-) TimerEvent: {}
[225.713376] (-) TimerEvent: {}
[225.818279] (-) TimerEvent: {}
[225.919204] (-) TimerEvent: {}
[226.020153] (-) TimerEvent: {}
[226.121328] (-) TimerEvent: {}
[226.223655] (-) TimerEvent: {}
[226.324575] (-) TimerEvent: {}
[226.430386] (-) TimerEvent: {}
[226.531423] (-) TimerEvent: {}
[226.632156] (-) TimerEvent: {}
[226.733010] (-) TimerEvent: {}
[226.833818] (-) TimerEvent: {}
[226.934660] (-) TimerEvent: {}
[227.038262] (-) TimerEvent: {}
[227.139004] (-) TimerEvent: {}
[227.239756] (-) TimerEvent: {}
[227.340474] (-) TimerEvent: {}
[227.441290] (-) TimerEvent: {}
[227.542151] (-) TimerEvent: {}
[227.646270] (-) TimerEvent: {}
[227.746966] (-) TimerEvent: {}
[227.847691] (-) TimerEvent: {}
[227.950548] (-) TimerEvent: {}
[228.054145] (-) TimerEvent: {}
[228.155037] (-) TimerEvent: {}
[228.255764] (-) TimerEvent: {}
[228.356474] (-) TimerEvent: {}
[228.457200] (-) TimerEvent: {}
[228.557910] (-) TimerEvent: {}
[228.658686] (-) TimerEvent: {}
[228.759377] (-) TimerEvent: {}
[228.860102] (-) TimerEvent: {}
[228.960835] (-) TimerEvent: {}
[229.061565] (-) TimerEvent: {}
[229.162286] (-) TimerEvent: {}
[229.262991] (-) TimerEvent: {}
[229.363688] (-) TimerEvent: {}
[229.464413] (-) TimerEvent: {}
[229.565114] (-) TimerEvent: {}
[229.665858] (-) TimerEvent: {}
[229.766613] (-) TimerEvent: {}
[229.867350] (-) TimerEvent: {}
[229.968105] (-) TimerEvent: {}
[230.068868] (-) TimerEvent: {}
[230.169582] (-) TimerEvent: {}
[230.270343] (-) TimerEvent: {}
[230.371067] (-) TimerEvent: {}
[230.471790] (-) TimerEvent: {}
[230.572495] (-) TimerEvent: {}
[230.673230] (-) TimerEvent: {}
[230.773930] (-) TimerEvent: {}
[230.874730] (-) TimerEvent: {}
[230.975455] (-) TimerEvent: {}
[231.076213] (-) TimerEvent: {}
[231.176953] (-) TimerEvent: {}
[231.277655] (-) TimerEvent: {}
[231.378451] (-) TimerEvent: {}
[231.479172] (-) TimerEvent: {}
[231.580018] (-) TimerEvent: {}
[231.680744] (-) TimerEvent: {}
[231.781502] (-) TimerEvent: {}
[231.882257] (-) TimerEvent: {}
[231.982942] (-) TimerEvent: {}
[232.083728] (-) TimerEvent: {}
[232.184424] (-) TimerEvent: {}
[232.285150] (-) TimerEvent: {}
[232.385818] (-) TimerEvent: {}
[232.486559] (-) TimerEvent: {}
[232.587243] (-) TimerEvent: {}
[232.688077] (-) TimerEvent: {}
[232.789241] (-) TimerEvent: {}
[232.889938] (-) TimerEvent: {}
[232.990909] (-) TimerEvent: {}
[233.091626] (-) TimerEvent: {}
[233.192348] (-) TimerEvent: {}
[233.293073] (-) TimerEvent: {}
[233.393810] (-) TimerEvent: {}
[233.494601] (-) TimerEvent: {}
[233.595395] (-) TimerEvent: {}
[233.696129] (-) TimerEvent: {}
[233.796812] (-) TimerEvent: {}
[233.897553] (-) TimerEvent: {}
[233.998275] (-) TimerEvent: {}
[234.098984] (-) TimerEvent: {}
[234.199672] (-) TimerEvent: {}
[234.300353] (-) TimerEvent: {}
[234.401058] (-) TimerEvent: {}
[234.501747] (-) TimerEvent: {}
[234.602552] (-) TimerEvent: {}
[234.703251] (-) TimerEvent: {}
[234.803968] (-) TimerEvent: {}
[234.904690] (-) TimerEvent: {}
[235.005443] (-) TimerEvent: {}
[235.106204] (-) TimerEvent: {}
[235.207175] (-) TimerEvent: {}
[235.307966] (-) TimerEvent: {}
[235.408813] (-) TimerEvent: {}
[235.509578] (-) TimerEvent: {}
[235.610349] (-) TimerEvent: {}
[235.711053] (-) TimerEvent: {}
[235.811785] (-) TimerEvent: {}
[235.912580] (-) TimerEvent: {}
[236.013274] (-) TimerEvent: {}
[236.114115] (-) TimerEvent: {}
[236.214863] (-) TimerEvent: {}
[236.315614] (-) TimerEvent: {}
[236.416304] (-) TimerEvent: {}
[236.517132] (-) TimerEvent: {}
[236.617866] (-) TimerEvent: {}
[236.718622] (-) TimerEvent: {}
[236.819315] (-) TimerEvent: {}
[236.920026] (-) TimerEvent: {}
[237.020833] (-) TimerEvent: {}
[237.121628] (-) TimerEvent: {}
[237.222338] (-) TimerEvent: {}
[237.323101] (-) TimerEvent: {}
[237.423866] (-) TimerEvent: {}
[237.524621] (-) TimerEvent: {}
[237.625463] (-) TimerEvent: {}
[237.726260] (-) TimerEvent: {}
[237.827012] (-) TimerEvent: {}
[237.927711] (-) TimerEvent: {}
[238.028478] (-) TimerEvent: {}
[238.129498] (-) TimerEvent: {}
[238.230602] (-) TimerEvent: {}
[238.331361] (-) TimerEvent: {}
[238.432084] (-) TimerEvent: {}
[238.532817] (-) TimerEvent: {}
[238.633544] (-) TimerEvent: {}
[238.734319] (-) TimerEvent: {}
[238.835025] (-) TimerEvent: {}
[238.935751] (-) TimerEvent: {}
[239.036471] (-) TimerEvent: {}
[239.137771] (-) TimerEvent: {}
[239.238564] (-) TimerEvent: {}
[239.339355] (-) TimerEvent: {}
[239.440034] (-) TimerEvent: {}
[239.540770] (-) TimerEvent: {}
[239.641463] (-) TimerEvent: {}
[239.742277] (-) TimerEvent: {}
[239.843097] (-) TimerEvent: {}
[239.943767] (-) TimerEvent: {}
[240.044515] (-) TimerEvent: {}
[240.145318] (-) TimerEvent: {}
[240.246259] (-) TimerEvent: {}
[240.346921] (-) TimerEvent: {}
[240.447611] (-) TimerEvent: {}
[240.461843] (micro_ros_agent) StdoutLine: {'line': b'[ 95%] \x1b[32mBuilding CXX object CMakeFiles/microxrcedds_agent.dir/src/cpp/middleware/fastdds/FastDDSMiddleware.cpp.o\x1b[0m\n'}
[240.547811] (-) TimerEvent: {}
[240.648513] (-) TimerEvent: {}
[240.749163] (-) TimerEvent: {}
[240.849865] (-) TimerEvent: {}
[240.950588] (-) TimerEvent: {}
[241.051320] (-) TimerEvent: {}
[241.152082] (-) TimerEvent: {}
[241.252836] (-) TimerEvent: {}
[241.353631] (-) TimerEvent: {}
[241.454388] (-) TimerEvent: {}
[241.555100] (-) TimerEvent: {}
[241.655836] (-) TimerEvent: {}
[241.756545] (-) TimerEvent: {}
[241.857303] (-) TimerEvent: {}
[241.958000] (-) TimerEvent: {}
[242.058793] (-) TimerEvent: {}
[242.159525] (-) TimerEvent: {}
[242.260229] (-) TimerEvent: {}
[242.361021] (-) TimerEvent: {}
[242.461722] (-) TimerEvent: {}
[242.562555] (-) TimerEvent: {}
[242.663305] (-) TimerEvent: {}
[242.764048] (-) TimerEvent: {}
[242.864816] (-) TimerEvent: {}
[242.965623] (-) TimerEvent: {}
[243.066454] (-) TimerEvent: {}
[243.167350] (-) TimerEvent: {}
[243.269028] (-) TimerEvent: {}
[243.369772] (-) TimerEvent: {}
[243.423469] (micro_ros_agent) StdoutLine: {'line': b'[ 97%] \x1b[32mBuilding CXX object CMakeFiles/microxrcedds_agent.dir/src/cpp/middleware/fastdds/FastDDSEntities.cpp.o\x1b[0m\n'}
[243.469973] (-) TimerEvent: {}
[243.571027] (-) TimerEvent: {}
[243.671731] (-) TimerEvent: {}
[243.772424] (-) TimerEvent: {}
[243.873169] (-) TimerEvent: {}
[243.973888] (-) TimerEvent: {}
[244.074657] (-) TimerEvent: {}
[244.175380] (-) TimerEvent: {}
[244.276134] (-) TimerEvent: {}
[244.376888] (-) TimerEvent: {}
[244.477723] (-) TimerEvent: {}
[244.579267] (-) TimerEvent: {}
[244.679958] (-) TimerEvent: {}
[244.780718] (-) TimerEvent: {}
[244.881469] (-) TimerEvent: {}
[244.982379] (-) TimerEvent: {}
[245.083105] (-) TimerEvent: {}
[245.183848] (-) TimerEvent: {}
[245.284581] (-) TimerEvent: {}
[245.385311] (-) TimerEvent: {}
[245.486170] (-) TimerEvent: {}
[245.587281] (-) TimerEvent: {}
[245.687991] (-) TimerEvent: {}
[245.788916] (-) TimerEvent: {}
[245.889627] (-) TimerEvent: {}
[245.990405] (-) TimerEvent: {}
[246.091131] (-) TimerEvent: {}
[246.191902] (-) TimerEvent: {}
[246.292670] (-) TimerEvent: {}
[246.393385] (-) TimerEvent: {}
[246.494151] (-) TimerEvent: {}
[246.594918] (-) TimerEvent: {}
[246.695654] (-) TimerEvent: {}
[246.796367] (-) TimerEvent: {}
[246.897094] (-) TimerEvent: {}
[246.997796] (-) TimerEvent: {}
[247.098560] (-) TimerEvent: {}
[247.199312] (-) TimerEvent: {}
[247.300057] (-) TimerEvent: {}
[247.400841] (-) TimerEvent: {}
[247.501624] (-) TimerEvent: {}
[247.602352] (-) TimerEvent: {}
[247.703069] (-) TimerEvent: {}
[247.803789] (-) TimerEvent: {}
[247.904508] (-) TimerEvent: {}
[248.005251] (-) TimerEvent: {}
[248.105975] (-) TimerEvent: {}
[248.206733] (-) TimerEvent: {}
[248.307419] (-) TimerEvent: {}
[248.408143] (-) TimerEvent: {}
[248.508851] (-) TimerEvent: {}
[248.609566] (-) TimerEvent: {}
[248.710281] (-) TimerEvent: {}
[248.810992] (-) TimerEvent: {}
[248.911710] (-) TimerEvent: {}
[249.012434] (-) TimerEvent: {}
[249.113166] (-) TimerEvent: {}
[249.213898] (-) TimerEvent: {}
[249.314681] (-) TimerEvent: {}
[249.415455] (-) TimerEvent: {}
[249.516180] (-) TimerEvent: {}
[249.616910] (-) TimerEvent: {}
[249.717687] (-) TimerEvent: {}
[249.818495] (-) TimerEvent: {}
[249.919209] (-) TimerEvent: {}
[250.019966] (-) TimerEvent: {}
[250.121673] (-) TimerEvent: {}
[250.222476] (-) TimerEvent: {}
[250.323184] (-) TimerEvent: {}
[250.423891] (-) TimerEvent: {}
[250.524596] (-) TimerEvent: {}
[250.625304] (-) TimerEvent: {}
[250.726153] (-) TimerEvent: {}
[250.826900] (-) TimerEvent: {}
[250.927614] (-) TimerEvent: {}
[251.028328] (-) TimerEvent: {}
[251.129090] (-) TimerEvent: {}
[251.229885] (-) TimerEvent: {}
[251.330746] (-) TimerEvent: {}
[251.431717] (-) TimerEvent: {}
[251.532438] (-) TimerEvent: {}
[251.633184] (-) TimerEvent: {}
[251.734123] (-) TimerEvent: {}
[251.834815] (-) TimerEvent: {}
[251.935519] (-) TimerEvent: {}
[252.036256] (-) TimerEvent: {}
[252.137005] (-) TimerEvent: {}
[252.237723] (-) TimerEvent: {}
[252.338523] (-) TimerEvent: {}
[252.439254] (-) TimerEvent: {}
[252.539982] (-) TimerEvent: {}
[252.640686] (-) TimerEvent: {}
[252.741388] (-) TimerEvent: {}
[252.842160] (-) TimerEvent: {}
[252.942876] (-) TimerEvent: {}
[253.043609] (-) TimerEvent: {}
[253.144337] (-) TimerEvent: {}
[253.245074] (-) TimerEvent: {}
[253.345793] (-) TimerEvent: {}
[253.446561] (-) TimerEvent: {}
[253.547290] (-) TimerEvent: {}
[253.648119] (-) TimerEvent: {}
[253.748969] (-) TimerEvent: {}
[253.849877] (-) TimerEvent: {}
[253.950758] (-) TimerEvent: {}
[254.051493] (-) TimerEvent: {}
[254.152225] (-) TimerEvent: {}
[254.252925] (-) TimerEvent: {}
[254.353637] (-) TimerEvent: {}
[254.454407] (-) TimerEvent: {}
[254.555146] (-) TimerEvent: {}
[254.656625] (-) TimerEvent: {}
[254.757331] (-) TimerEvent: {}
[254.858632] (-) TimerEvent: {}
[254.959874] (-) TimerEvent: {}
[255.060620] (-) TimerEvent: {}
[255.161502] (-) TimerEvent: {}
[255.262250] (-) TimerEvent: {}
[255.362982] (-) TimerEvent: {}
[255.463837] (-) TimerEvent: {}
[255.564562] (-) TimerEvent: {}
[255.665336] (-) TimerEvent: {}
[255.766242] (-) TimerEvent: {}
[255.866971] (-) TimerEvent: {}
[255.967676] (-) TimerEvent: {}
[256.068405] (-) TimerEvent: {}
[256.169129] (-) TimerEvent: {}
[256.269818] (-) TimerEvent: {}
[256.370564] (-) TimerEvent: {}
[256.471328] (-) TimerEvent: {}
[256.572082] (-) TimerEvent: {}
[256.672796] (-) TimerEvent: {}
[256.773549] (-) TimerEvent: {}
[256.874262] (-) TimerEvent: {}
[256.974968] (-) TimerEvent: {}
[257.075745] (-) TimerEvent: {}
[257.176444] (-) TimerEvent: {}
[257.277182] (-) TimerEvent: {}
[257.377904] (-) TimerEvent: {}
[257.478683] (-) TimerEvent: {}
[257.579395] (-) TimerEvent: {}
[257.680160] (-) TimerEvent: {}
[257.780967] (-) TimerEvent: {}
[257.881682] (-) TimerEvent: {}
[257.982448] (-) TimerEvent: {}
[258.083197] (-) TimerEvent: {}
[258.183927] (-) TimerEvent: {}
[258.284597] (-) TimerEvent: {}
[258.385347] (-) TimerEvent: {}
[258.486192] (-) TimerEvent: {}
[258.586972] (-) TimerEvent: {}
[258.687775] (-) TimerEvent: {}
[258.788503] (-) TimerEvent: {}
[258.889207] (-) TimerEvent: {}
[258.989902] (-) TimerEvent: {}
[259.090680] (-) TimerEvent: {}
[259.191504] (-) TimerEvent: {}
[259.292171] (-) TimerEvent: {}
[259.392836] (-) TimerEvent: {}
[259.493556] (-) TimerEvent: {}
[259.594268] (-) TimerEvent: {}
[259.694995] (-) TimerEvent: {}
[259.795785] (-) TimerEvent: {}
[259.896640] (-) TimerEvent: {}
[259.997294] (-) TimerEvent: {}
[260.097956] (-) TimerEvent: {}
[260.198735] (-) TimerEvent: {}
[260.299486] (-) TimerEvent: {}
[260.400190] (-) TimerEvent: {}
[260.500941] (-) TimerEvent: {}
[260.601645] (-) TimerEvent: {}
[260.702373] (-) TimerEvent: {}
[260.803062] (-) TimerEvent: {}
[260.903801] (-) TimerEvent: {}
[261.004520] (-) TimerEvent: {}
[261.105270] (-) TimerEvent: {}
[261.206047] (-) TimerEvent: {}
[261.306865] (-) TimerEvent: {}
[261.407584] (-) TimerEvent: {}
[261.508256] (-) TimerEvent: {}
[261.608961] (-) TimerEvent: {}
[261.709657] (-) TimerEvent: {}
[261.810345] (-) TimerEvent: {}
[261.911120] (-) TimerEvent: {}
[262.011941] (-) TimerEvent: {}
[262.112644] (-) TimerEvent: {}
[262.213318] (-) TimerEvent: {}
[262.314128] (-) TimerEvent: {}
[262.414783] (-) TimerEvent: {}
[262.515438] (-) TimerEvent: {}
[262.616160] (-) TimerEvent: {}
[262.716862] (-) TimerEvent: {}
[262.817543] (-) TimerEvent: {}
[262.918249] (-) TimerEvent: {}
[263.018932] (-) TimerEvent: {}
[263.119752] (-) TimerEvent: {}
[263.220461] (-) TimerEvent: {}
[263.321176] (-) TimerEvent: {}
[263.421870] (-) TimerEvent: {}
[263.522621] (-) TimerEvent: {}
[263.623320] (-) TimerEvent: {}
[263.724035] (-) TimerEvent: {}
[263.824780] (-) TimerEvent: {}
[263.925549] (-) TimerEvent: {}
[264.026254] (-) TimerEvent: {}
[264.126995] (-) TimerEvent: {}
[264.227681] (-) TimerEvent: {}
[264.328373] (-) TimerEvent: {}
[264.429052] (-) TimerEvent: {}
[264.529698] (-) TimerEvent: {}
[264.630454] (-) TimerEvent: {}
[264.731144] (-) TimerEvent: {}
[264.831841] (-) TimerEvent: {}
[264.932495] (-) TimerEvent: {}
[265.033135] (-) TimerEvent: {}
[265.133783] (-) TimerEvent: {}
[265.234537] (-) TimerEvent: {}
[265.335188] (-) TimerEvent: {}
[265.435931] (-) TimerEvent: {}
[265.536871] (-) TimerEvent: {}
[265.637526] (-) TimerEvent: {}
[265.738217] (-) TimerEvent: {}
[265.838889] (-) TimerEvent: {}
[265.939649] (-) TimerEvent: {}
[266.040460] (-) TimerEvent: {}
[266.141476] (-) TimerEvent: {}
[266.242194] (-) TimerEvent: {}
[266.342843] (-) TimerEvent: {}
[266.443509] (-) TimerEvent: {}
[266.544135] (-) TimerEvent: {}
[266.644791] (-) TimerEvent: {}
[266.745455] (-) TimerEvent: {}
[266.846222] (-) TimerEvent: {}
[266.946917] (-) TimerEvent: {}
[267.047584] (-) TimerEvent: {}
[267.148323] (-) TimerEvent: {}
[267.248995] (-) TimerEvent: {}
[267.349740] (-) TimerEvent: {}
[267.450513] (-) TimerEvent: {}
[267.551160] (-) TimerEvent: {}
[267.651838] (-) TimerEvent: {}
[267.752554] (-) TimerEvent: {}
[267.853229] (-) TimerEvent: {}
[267.953901] (-) TimerEvent: {}
[268.054693] (-) TimerEvent: {}
[268.155364] (-) TimerEvent: {}
[268.256025] (-) TimerEvent: {}
[268.356693] (-) TimerEvent: {}
[268.457377] (-) TimerEvent: {}
[268.558032] (-) TimerEvent: {}
[268.658756] (-) TimerEvent: {}
[268.759486] (-) TimerEvent: {}
[268.860154] (-) TimerEvent: {}
[268.960806] (-) TimerEvent: {}
[269.061466] (-) TimerEvent: {}
[269.162164] (-) TimerEvent: {}
[269.262868] (-) TimerEvent: {}
[269.363545] (-) TimerEvent: {}
[269.464218] (-) TimerEvent: {}
[269.564880] (-) TimerEvent: {}
[269.665607] (-) TimerEvent: {}
[269.766255] (-) TimerEvent: {}
[269.866929] (-) TimerEvent: {}
[269.967560] (-) TimerEvent: {}
[270.068205] (-) TimerEvent: {}
[270.168845] (-) TimerEvent: {}
[270.269460] (-) TimerEvent: {}
[270.370245] (-) TimerEvent: {}
[270.470907] (-) TimerEvent: {}
[270.571558] (-) TimerEvent: {}
[270.672200] (-) TimerEvent: {}
[270.772817] (-) TimerEvent: {}
[270.862663] (micro_ros_agent) StdoutLine: {'line': b'[100%] \x1b[32m\x1b[1mLinking CXX shared library libmicroxrcedds_agent.so\x1b[0m\n'}
[270.873016] (-) TimerEvent: {}
[270.973797] (-) TimerEvent: {}
[271.074755] (-) TimerEvent: {}
[271.175561] (-) TimerEvent: {}
[271.276489] (-) TimerEvent: {}
[271.377233] (-) TimerEvent: {}
[271.477948] (-) TimerEvent: {}
[271.578723] (-) TimerEvent: {}
[271.679604] (-) TimerEvent: {}
[271.780283] (-) TimerEvent: {}
[271.880974] (-) TimerEvent: {}
[271.981594] (-) TimerEvent: {}
[272.082253] (-) TimerEvent: {}
[272.106698] (micro_ros_agent) StdoutLine: {'line': b'[100%] Built target microxrcedds_agent\n'}
[272.179470] (micro_ros_agent) StdoutLine: {'line': b"\x1b[34m\x1b[1mNo install step for 'uagent'\x1b[0m\n"}
[272.182410] (-) TimerEvent: {}
[272.248562] (micro_ros_agent) StdoutLine: {'line': b"\x1b[34m\x1b[1mCompleted 'uagent'\x1b[0m\n"}
[272.282593] (-) TimerEvent: {}
[272.340733] (micro_ros_agent) StdoutLine: {'line': b'Built target uagent\n'}
[272.382773] (-) TimerEvent: {}
[272.412739] (micro_ros_agent) StdoutLine: {'line': b"[ 43%] \x1b[34m\x1b[1mPerforming install step for 'xrceagent'\x1b[0m\n"}
[272.482943] (-) TimerEvent: {}
[272.543465] (micro_ros_agent) StdoutLine: {'line': b'\x1b[35m\x1b[1mConsolidate compiler generated dependencies of target microxrcedds_agent\x1b[0m\n'}
[272.583114] (-) TimerEvent: {}
[272.683739] (-) TimerEvent: {}
[272.722064] (micro_ros_agent) StdoutLine: {'line': b'[100%] Built target microxrcedds_agent\n'}
[272.774657] (micro_ros_agent) StdoutLine: {'line': b'\x1b[36mInstall the project...\x1b[0m\n'}
[272.783930] (-) TimerEvent: {}
[272.799578] (micro_ros_agent) StdoutLine: {'line': b'-- Install configuration: "Release"\n'}
[272.800218] (micro_ros_agent) StdoutLine: {'line': b'-- Installing: /ros2_ws/uros_ws/install/micro_ros_agent/lib/libmicroxrcedds_agent.so.2.4.2\n'}
[272.810349] (micro_ros_agent) StdoutLine: {'line': b'-- Installing: /ros2_ws/uros_ws/install/micro_ros_agent/lib/libmicroxrcedds_agent.so.2.4\n'}
[272.811190] (micro_ros_agent) StdoutLine: {'line': b'-- Set runtime path of "/ros2_ws/uros_ws/install/micro_ros_agent/lib/libmicroxrcedds_agent.so.2.4.2" to ""\n'}
[272.811634] (micro_ros_agent) StdoutLine: {'line': b'-- Installing: /ros2_ws/uros_ws/install/micro_ros_agent/lib/libmicroxrcedds_agent.so\n'}
[272.812059] (micro_ros_agent) StdoutLine: {'line': b'-- Installing: /ros2_ws/uros_ws/install/micro_ros_agent/include/uxr/agent\n'}
[272.812488] (micro_ros_agent) StdoutLine: {'line': b'-- Installing: /ros2_ws/uros_ws/install/micro_ros_agent/include/uxr/agent/visibility.hpp\n'}
[272.812968] (micro_ros_agent) StdoutLine: {'line': b'-- Installing: /ros2_ws/uros_ws/install/micro_ros_agent/include/uxr/agent/message\n'}
[272.813419] (micro_ros_agent) StdoutLine: {'line': b'-- Installing: /ros2_ws/uros_ws/install/micro_ros_agent/include/uxr/agent/message/OutputMessage.hpp\n'}
[272.813830] (micro_ros_agent) StdoutLine: {'line': b'-- Installing: /ros2_ws/uros_ws/install/micro_ros_agent/include/uxr/agent/message/InputMessage.hpp\n'}
[272.814357] (micro_ros_agent) StdoutLine: {'line': b'-- Installing: /ros2_ws/uros_ws/install/micro_ros_agent/include/uxr/agent/message/Packet.hpp\n'}
[272.814781] (micro_ros_agent) StdoutLine: {'line': b'-- Installing: /ros2_ws/uros_ws/install/micro_ros_agent/include/uxr/agent/scheduler\n'}
[272.815247] (micro_ros_agent) StdoutLine: {'line': b'-- Installing: /ros2_ws/uros_ws/install/micro_ros_agent/include/uxr/agent/scheduler/Scheduler.hpp\n'}
[272.815651] (micro_ros_agent) StdoutLine: {'line': b'-- Installing: /ros2_ws/uros_ws/install/micro_ros_agent/include/uxr/agent/scheduler/PacketScheduler.hpp\n'}
[272.816058] (micro_ros_agent) StdoutLine: {'line': b'-- Installing: /ros2_ws/uros_ws/install/micro_ros_agent/include/uxr/agent/publisher\n'}
[272.816536] (micro_ros_agent) StdoutLine: {'line': b'-- Installing: /ros2_ws/uros_ws/install/micro_ros_agent/include/uxr/agent/publisher/Publisher.hpp\n'}
[272.816947] (micro_ros_agent) StdoutLine: {'line': b'-- Installing: /ros2_ws/uros_ws/install/micro_ros_agent/include/uxr/agent/processor\n'}
[272.817344] (micro_ros_agent) StdoutLine: {'line': b'-- Installing: /ros2_ws/uros_ws/install/micro_ros_agent/include/uxr/agent/processor/Processor.hpp\n'}
[272.817798] (micro_ros_agent) StdoutLine: {'line': b'-- Installing: /ros2_ws/uros_ws/install/micro_ros_agent/include/uxr/agent/participant\n'}
[272.818270] (micro_ros_agent) StdoutLine: {'line': b'-- Installing: /ros2_ws/uros_ws/install/micro_ros_agent/include/uxr/agent/participant/Participant.hpp\n'}
[272.818757] (micro_ros_agent) StdoutLine: {'line': b'-- Installing: /ros2_ws/uros_ws/install/micro_ros_agent/include/uxr/agent/replier\n'}
[272.819168] (micro_ros_agent) StdoutLine: {'line': b'-- Installing: /ros2_ws/uros_ws/install/micro_ros_agent/include/uxr/agent/replier/Replier.hpp\n'}
[272.819620] (micro_ros_agent) StdoutLine: {'line': b'-- Installing: /ros2_ws/uros_ws/install/micro_ros_agent/include/uxr/agent/AgentInstance.hpp\n'}
[272.820022] (micro_ros_agent) StdoutLine: {'line': b'-- Installing: /ros2_ws/uros_ws/install/micro_ros_agent/include/uxr/agent/logger\n'}
[272.820346] (micro_ros_agent) StdoutLine: {'line': b'-- Installing: /ros2_ws/uros_ws/install/micro_ros_agent/include/uxr/agent/logger/Logger.hpp\n'}
[272.820635] (micro_ros_agent) StdoutLine: {'line': b'-- Installing: /ros2_ws/uros_ws/install/micro_ros_agent/include/uxr/agent/p2p\n'}
[272.820917] (micro_ros_agent) StdoutLine: {'line': b'-- Installing: /ros2_ws/uros_ws/install/micro_ros_agent/include/uxr/agent/p2p/InternalClientManager.hpp\n'}
[272.821203] (micro_ros_agent) StdoutLine: {'line': b'-- Installing: /ros2_ws/uros_ws/install/micro_ros_agent/include/uxr/agent/p2p/InternalClient.hpp\n'}
[272.821509] (micro_ros_agent) StdoutLine: {'line': b'-- Installing: /ros2_ws/uros_ws/install/micro_ros_agent/include/uxr/agent/types\n'}
[272.821922] (micro_ros_agent) StdoutLine: {'line': b'-- Installing: /ros2_ws/uros_ws/install/micro_ros_agent/include/uxr/agent/types/TopicPubSubType.hpp\n'}
[272.822375] (micro_ros_agent) StdoutLine: {'line': b'-- Installing: /ros2_ws/uros_ws/install/micro_ros_agent/include/uxr/agent/types/XRCETypes.hpp\n'}
[272.822801] (micro_ros_agent) StdoutLine: {'line': b'-- Installing: /ros2_ws/uros_ws/install/micro_ros_agent/include/uxr/agent/types/Optional.hpp\n'}
[272.823271] (micro_ros_agent) StdoutLine: {'line': b'-- Installing: /ros2_ws/uros_ws/install/micro_ros_agent/include/uxr/agent/types/SubMessageHeader.hpp\n'}
[272.823673] (micro_ros_agent) StdoutLine: {'line': b'-- Installing: /ros2_ws/uros_ws/install/micro_ros_agent/include/uxr/agent/types/MessageHeader.hpp\n'}
[272.824132] (micro_ros_agent) StdoutLine: {'line': b'-- Installing: /ros2_ws/uros_ws/install/micro_ros_agent/include/uxr/agent/topic\n'}
[272.824535] (micro_ros_agent) StdoutLine: {'line': b'-- Installing: /ros2_ws/uros_ws/install/micro_ros_agent/include/uxr/agent/topic/Topic.hpp\n'}
[272.824918] (micro_ros_agent) StdoutLine: {'line': b'-- Installing: /ros2_ws/uros_ws/install/micro_ros_agent/include/uxr/agent/utils\n'}
[272.825316] (micro_ros_agent) StdoutLine: {'line': b'-- Installing: /ros2_ws/uros_ws/install/micro_ros_agent/include/uxr/agent/utils/SeqNum.hpp\n'}
[272.825722] (micro_ros_agent) StdoutLine: {'line': b'-- Installing: /ros2_ws/uros_ws/install/micro_ros_agent/include/uxr/agent/utils/SharedMutexPriority.hpp\n'}
[272.826161] (micro_ros_agent) StdoutLine: {'line': b'-- Installing: /ros2_ws/uros_ws/install/micro_ros_agent/include/uxr/agent/utils/Color.hpp\n'}
[272.826587] (micro_ros_agent) StdoutLine: {'line': b'-- Installing: /ros2_ws/uros_ws/install/micro_ros_agent/include/uxr/agent/utils/SharedMutex.hpp\n'}
[272.826974] (micro_ros_agent) StdoutLine: {'line': b'-- Installing: /ros2_ws/uros_ws/install/micro_ros_agent/include/uxr/agent/utils/Time.hpp\n'}
[272.827436] (micro_ros_agent) StdoutLine: {'line': b'-- Installing: /ros2_ws/uros_ws/install/micro_ros_agent/include/uxr/agent/utils/ArgumentParser.hpp\n'}
[272.827911] (micro_ros_agent) StdoutLine: {'line': b'-- Installing: /ros2_ws/uros_ws/install/micro_ros_agent/include/uxr/agent/utils/TokenBucket.hpp\n'}
[272.828328] (micro_ros_agent) StdoutLine: {'line': b'-- Installing: /ros2_ws/uros_ws/install/micro_ros_agent/include/uxr/agent/utils/Conversion.hpp\n'}
[272.828779] (micro_ros_agent) StdoutLine: {'line': b'-- Installing: /ros2_ws/uros_ws/install/micro_ros_agent/include/uxr/agent/utils/Functions.hpp\n'}
[272.829178] (micro_ros_agent) StdoutLine: {'line': b'-- Installing: /ros2_ws/uros_ws/install/micro_ros_agent/include/uxr/agent/object\n'}
[272.829570] (micro_ros_agent) StdoutLine: {'line': b'-- Installing: /ros2_ws/uros_ws/install/micro_ros_agent/include/uxr/agent/object/XRCEObject.hpp\n'}
[272.830017] (micro_ros_agent) StdoutLine: {'line': b'-- Installing: /ros2_ws/uros_ws/install/micro_ros_agent/include/uxr/agent/client\n'}
[272.830540] (micro_ros_agent) StdoutLine: {'line': b'-- Installing: /ros2_ws/uros_ws/install/micro_ros_agent/include/uxr/agent/client/session\n'}
[272.830964] (micro_ros_agent) StdoutLine: {'line': b'-- Installing: /ros2_ws/uros_ws/install/micro_ros_agent/include/uxr/agent/client/session/Session.hpp\n'}
[272.831382] (micro_ros_agent) StdoutLine: {'line': b'-- Installing: /ros2_ws/uros_ws/install/micro_ros_agent/include/uxr/agent/client/session/stream\n'}
[272.831789] (micro_ros_agent) StdoutLine: {'line': b'-- Installing: /ros2_ws/uros_ws/install/micro_ros_agent/include/uxr/agent/client/session/stream/InputStream.hpp\n'}
[272.832212] (micro_ros_agent) StdoutLine: {'line': b'-- Installing: /ros2_ws/uros_ws/install/micro_ros_agent/include/uxr/agent/client/session/stream/OutputStream.hpp\n'}
[272.832620] (micro_ros_agent) StdoutLine: {'line': b'-- Installing: /ros2_ws/uros_ws/install/micro_ros_agent/include/uxr/agent/client/session/SessionInfo.hpp\n'}
[272.833025] (micro_ros_agent) StdoutLine: {'line': b'-- Installing: /ros2_ws/uros_ws/install/micro_ros_agent/include/uxr/agent/client/ProxyClient.hpp\n'}
[272.833428] (micro_ros_agent) StdoutLine: {'line': b'-- Installing: /ros2_ws/uros_ws/install/micro_ros_agent/include/uxr/agent/subscriber\n'}
[272.833896] (micro_ros_agent) StdoutLine: {'line': b'-- Installing: /ros2_ws/uros_ws/install/micro_ros_agent/include/uxr/agent/subscriber/Subscriber.hpp\n'}
[272.834367] (micro_ros_agent) StdoutLine: {'line': b'-- Installing: /ros2_ws/uros_ws/install/micro_ros_agent/include/uxr/agent/middleware\n'}
[272.834782] (micro_ros_agent) StdoutLine: {'line': b'-- Installing: /ros2_ws/uros_ws/install/micro_ros_agent/include/uxr/agent/middleware/Middleware.hpp\n'}
[272.835194] (micro_ros_agent) StdoutLine: {'line': b'-- Installing: /ros2_ws/uros_ws/install/micro_ros_agent/include/uxr/agent/middleware/utils\n'}
[272.835595] (micro_ros_agent) StdoutLine: {'line': b'-- Installing: /ros2_ws/uros_ws/install/micro_ros_agent/include/uxr/agent/middleware/utils/Callbacks.hpp\n'}
[272.836007] (micro_ros_agent) StdoutLine: {'line': b'-- Installing: /ros2_ws/uros_ws/install/micro_ros_agent/include/uxr/agent/middleware/fast\n'}
[272.836456] (micro_ros_agent) StdoutLine: {'line': b'-- Installing: /ros2_ws/uros_ws/install/micro_ros_agent/include/uxr/agent/middleware/fast/FastEntities.hpp\n'}
[272.836848] (micro_ros_agent) StdoutLine: {'line': b'-- Installing: /ros2_ws/uros_ws/install/micro_ros_agent/include/uxr/agent/middleware/fast/FastMiddleware.hpp\n'}
[272.837233] (micro_ros_agent) StdoutLine: {'line': b'-- Installing: /ros2_ws/uros_ws/install/micro_ros_agent/include/uxr/agent/middleware/ced\n'}
[272.837638] (micro_ros_agent) StdoutLine: {'line': b'-- Installing: /ros2_ws/uros_ws/install/micro_ros_agent/include/uxr/agent/middleware/ced/CedEntities.hpp\n'}
[272.838136] (micro_ros_agent) StdoutLine: {'line': b'-- Installing: /ros2_ws/uros_ws/install/micro_ros_agent/include/uxr/agent/middleware/ced/CedMiddleware.hpp\n'}
[272.838588] (micro_ros_agent) StdoutLine: {'line': b'-- Installing: /ros2_ws/uros_ws/install/micro_ros_agent/include/uxr/agent/middleware/fastdds\n'}
[272.838979] (micro_ros_agent) StdoutLine: {'line': b'-- Installing: /ros2_ws/uros_ws/install/micro_ros_agent/include/uxr/agent/middleware/fastdds/FastDDSEntities.hpp\n'}
[272.839416] (micro_ros_agent) StdoutLine: {'line': b'-- Installing: /ros2_ws/uros_ws/install/micro_ros_agent/include/uxr/agent/middleware/fastdds/FastDDSMiddleware.hpp\n'}
[272.839796] (micro_ros_agent) StdoutLine: {'line': b'-- Installing: /ros2_ws/uros_ws/install/micro_ros_agent/include/uxr/agent/transport\n'}
[272.840198] (micro_ros_agent) StdoutLine: {'line': b'-- Installing: /ros2_ws/uros_ws/install/micro_ros_agent/include/uxr/agent/transport/udp\n'}
[272.840589] (micro_ros_agent) StdoutLine: {'line': b'-- Installing: /ros2_ws/uros_ws/install/micro_ros_agent/include/uxr/agent/transport/udp/UDPv6AgentLinux.hpp\n'}
[272.841026] (micro_ros_agent) StdoutLine: {'line': b'-- Installing: /ros2_ws/uros_ws/install/micro_ros_agent/include/uxr/agent/transport/udp/UDPv4AgentLinux.hpp\n'}
[272.841401] (micro_ros_agent) StdoutLine: {'line': b'-- Installing: /ros2_ws/uros_ws/install/micro_ros_agent/include/uxr/agent/transport/udp/UDPv4AgentWindows.hpp\n'}
[272.841823] (micro_ros_agent) StdoutLine: {'line': b'-- Installing: /ros2_ws/uros_ws/install/micro_ros_agent/include/uxr/agent/transport/udp/UDPv6AgentWindows.hpp\n'}
[272.842285] (micro_ros_agent) StdoutLine: {'line': b'-- Installing: /ros2_ws/uros_ws/install/micro_ros_agent/include/uxr/agent/transport/serial\n'}
[272.842715] (micro_ros_agent) StdoutLine: {'line': b'-- Installing: /ros2_ws/uros_ws/install/micro_ros_agent/include/uxr/agent/transport/serial/baud_rate_table_linux.h\n'}
[272.843138] (micro_ros_agent) StdoutLine: {'line': b'-- Installing: /ros2_ws/uros_ws/install/micro_ros_agent/include/uxr/agent/transport/serial/MultiTermiosAgentLinux.hpp\n'}
[272.843540] (micro_ros_agent) StdoutLine: {'line': b'-- Installing: /ros2_ws/uros_ws/install/micro_ros_agent/include/uxr/agent/transport/serial/SerialAgentLinux.hpp\n'}
[272.843939] (micro_ros_agent) StdoutLine: {'line': b'-- Installing: /ros2_ws/uros_ws/install/micro_ros_agent/include/uxr/agent/transport/serial/TermiosAgentLinux.hpp\n'}
[272.844407] (micro_ros_agent) StdoutLine: {'line': b'-- Installing: /ros2_ws/uros_ws/install/micro_ros_agent/include/uxr/agent/transport/serial/PseudoTerminalAgentLinux.hpp\n'}
[272.844802] (micro_ros_agent) StdoutLine: {'line': b'-- Installing: /ros2_ws/uros_ws/install/micro_ros_agent/include/uxr/agent/transport/serial/MultiSerialAgentLinux.hpp\n'}
[272.845233] (micro_ros_agent) StdoutLine: {'line': b'-- Installing: /ros2_ws/uros_ws/install/micro_ros_agent/include/uxr/agent/transport/endpoint\n'}
[272.845633] (micro_ros_agent) StdoutLine: {'line': b'-- Installing: /ros2_ws/uros_ws/install/micro_ros_agent/include/uxr/agent/transport/endpoint/CanEndPoint.hpp\n'}
[272.846128] (micro_ros_agent) StdoutLine: {'line': b'-- Installing: /ros2_ws/uros_ws/install/micro_ros_agent/include/uxr/agent/transport/endpoint/MultiSerialEndPoint.hpp\n'}
[272.846558] (micro_ros_agent) StdoutLine: {'line': b'-- Installing: /ros2_ws/uros_ws/install/micro_ros_agent/include/uxr/agent/transport/endpoint/IPv4EndPoint.hpp\n'}
[272.847014] (micro_ros_agent) StdoutLine: {'line': b'-- Installing: /ros2_ws/uros_ws/install/micro_ros_agent/include/uxr/agent/transport/endpoint/SerialEndPoint.hpp\n'}
[272.847426] (micro_ros_agent) StdoutLine: {'line': b'-- Installing: /ros2_ws/uros_ws/install/micro_ros_agent/include/uxr/agent/transport/endpoint/CustomEndPoint.hpp\n'}
[272.847819] (micro_ros_agent) StdoutLine: {'line': b'-- Installing: /ros2_ws/uros_ws/install/micro_ros_agent/include/uxr/agent/transport/endpoint/IPv6EndPoint.hpp\n'}
[272.848244] (micro_ros_agent) StdoutLine: {'line': b'-- Installing: /ros2_ws/uros_ws/install/micro_ros_agent/include/uxr/agent/transport/SessionManager.hpp\n'}
[272.848649] (micro_ros_agent) StdoutLine: {'line': b'-- Installing: /ros2_ws/uros_ws/install/micro_ros_agent/include/uxr/agent/transport/util\n'}
[272.849042] (micro_ros_agent) StdoutLine: {'line': b'-- Installing: /ros2_ws/uros_ws/install/micro_ros_agent/include/uxr/agent/transport/util/InterfaceWindows.hpp\n'}
[272.849483] (micro_ros_agent) StdoutLine: {'line': b'-- Installing: /ros2_ws/uros_ws/install/micro_ros_agent/include/uxr/agent/transport/util/InterfaceLinux.hpp\n'}
[272.849896] (micro_ros_agent) StdoutLine: {'line': b'-- Installing: /ros2_ws/uros_ws/install/micro_ros_agent/include/uxr/agent/transport/discovery\n'}
[272.850359] (micro_ros_agent) StdoutLine: {'line': b'-- Installing: /ros2_ws/uros_ws/install/micro_ros_agent/include/uxr/agent/transport/discovery/DiscoveryServerLinux.hpp\n'}
[272.850784] (micro_ros_agent) StdoutLine: {'line': b'-- Installing: /ros2_ws/uros_ws/install/micro_ros_agent/include/uxr/agent/transport/discovery/DiscoveryServer.hpp\n'}
[272.851185] (micro_ros_agent) StdoutLine: {'line': b'-- Installing: /ros2_ws/uros_ws/install/micro_ros_agent/include/uxr/agent/transport/discovery/DiscoveryServerWindows.hpp\n'}
[272.851579] (micro_ros_agent) StdoutLine: {'line': b'-- Installing: /ros2_ws/uros_ws/install/micro_ros_agent/include/uxr/agent/transport/Server.hpp\n'}
[272.852032] (micro_ros_agent) StdoutLine: {'line': b'-- Installing: /ros2_ws/uros_ws/install/micro_ros_agent/include/uxr/agent/transport/p2p\n'}
[272.852426] (micro_ros_agent) StdoutLine: {'line': b'-- Installing: /ros2_ws/uros_ws/install/micro_ros_agent/include/uxr/agent/transport/p2p/AgentDiscovererLinux.hpp\n'}
[272.852865] (micro_ros_agent) StdoutLine: {'line': b'-- Installing: /ros2_ws/uros_ws/install/micro_ros_agent/include/uxr/agent/transport/p2p/AgentDiscoverer.hpp\n'}
[272.853249] (micro_ros_agent) StdoutLine: {'line': b'-- Installing: /ros2_ws/uros_ws/install/micro_ros_agent/include/uxr/agent/transport/custom\n'}
[272.853650] (micro_ros_agent) StdoutLine: {'line': b'-- Installing: /ros2_ws/uros_ws/install/micro_ros_agent/include/uxr/agent/transport/custom/CustomAgent.hpp\n'}
[272.854060] (micro_ros_agent) StdoutLine: {'line': b'-- Installing: /ros2_ws/uros_ws/install/micro_ros_agent/include/uxr/agent/transport/tcp\n'}
[272.854582] (micro_ros_agent) StdoutLine: {'line': b'-- Installing: /ros2_ws/uros_ws/install/micro_ros_agent/include/uxr/agent/transport/tcp/TCPv6AgentLinux.hpp\n'}
[272.854947] (micro_ros_agent) StdoutLine: {'line': b'-- Installing: /ros2_ws/uros_ws/install/micro_ros_agent/include/uxr/agent/transport/tcp/TCPv4AgentWindows.hpp\n'}
[272.855256] (micro_ros_agent) StdoutLine: {'line': b'-- Installing: /ros2_ws/uros_ws/install/micro_ros_agent/include/uxr/agent/transport/tcp/TCPServerBase.hpp\n'}
[272.855674] (micro_ros_agent) StdoutLine: {'line': b'-- Installing: /ros2_ws/uros_ws/install/micro_ros_agent/include/uxr/agent/transport/tcp/TCPv6AgentWindows.hpp\n'}
[272.856020] (micro_ros_agent) StdoutLine: {'line': b'-- Installing: /ros2_ws/uros_ws/install/micro_ros_agent/include/uxr/agent/transport/tcp/TCPv4AgentLinux.hpp\n'}
[272.856446] (micro_ros_agent) StdoutLine: {'line': b'-- Installing: /ros2_ws/uros_ws/install/micro_ros_agent/include/uxr/agent/transport/tcp/TCPConnection.hpp\n'}
[272.856863] (micro_ros_agent) StdoutLine: {'line': b'-- Installing: /ros2_ws/uros_ws/install/micro_ros_agent/include/uxr/agent/transport/can\n'}
[272.857287] (micro_ros_agent) StdoutLine: {'line': b'-- Installing: /ros2_ws/uros_ws/install/micro_ros_agent/include/uxr/agent/transport/can/CanAgentLinux.hpp\n'}
[272.857617] (micro_ros_agent) StdoutLine: {'line': b'-- Installing: /ros2_ws/uros_ws/install/micro_ros_agent/include/uxr/agent/transport/stream_framing\n'}
[272.858027] (micro_ros_agent) StdoutLine: {'line': b'-- Installing: /ros2_ws/uros_ws/install/micro_ros_agent/include/uxr/agent/transport/stream_framing/StreamFramingProtocol.hpp\n'}
[272.858511] (micro_ros_agent) StdoutLine: {'line': b'-- Installing: /ros2_ws/uros_ws/install/micro_ros_agent/include/uxr/agent/transport/TransportRc.hpp\n'}
[272.858845] (micro_ros_agent) StdoutLine: {'line': b'-- Installing: /ros2_ws/uros_ws/install/micro_ros_agent/include/uxr/agent/datareader\n'}
[272.859148] (micro_ros_agent) StdoutLine: {'line': b'-- Installing: /ros2_ws/uros_ws/install/micro_ros_agent/include/uxr/agent/datareader/DataReader.hpp\n'}
[272.859479] (micro_ros_agent) StdoutLine: {'line': b'-- Installing: /ros2_ws/uros_ws/install/micro_ros_agent/include/uxr/agent/datawriter\n'}
[272.859815] (micro_ros_agent) StdoutLine: {'line': b'-- Installing: /ros2_ws/uros_ws/install/micro_ros_agent/include/uxr/agent/datawriter/DataWriter.hpp\n'}
[272.860103] (micro_ros_agent) StdoutLine: {'line': b'-- Installing: /ros2_ws/uros_ws/install/micro_ros_agent/include/uxr/agent/Root.hpp\n'}
[272.860376] (micro_ros_agent) StdoutLine: {'line': b'-- Installing: /ros2_ws/uros_ws/install/micro_ros_agent/include/uxr/agent/Agent.hpp\n'}
[272.860658] (micro_ros_agent) StdoutLine: {'line': b'-- Installing: /ros2_ws/uros_ws/install/micro_ros_agent/include/uxr/agent/requester\n'}
[272.860977] (micro_ros_agent) StdoutLine: {'line': b'-- Installing: /ros2_ws/uros_ws/install/micro_ros_agent/include/uxr/agent/requester/Requester.hpp\n'}
[272.861274] (micro_ros_agent) StdoutLine: {'line': b'-- Installing: /ros2_ws/uros_ws/install/micro_ros_agent/include/uxr/agent/reader\n'}
[272.861565] (micro_ros_agent) StdoutLine: {'line': b'-- Installing: /ros2_ws/uros_ws/install/micro_ros_agent/include/uxr/agent/reader/Reader.hpp\n'}
[272.861843] (micro_ros_agent) StdoutLine: {'line': b'-- Installing: /ros2_ws/uros_ws/install/micro_ros_agent/share/microxrcedds_agent/cmake/microxrcedds_agentTargets.cmake\n'}
[272.862179] (micro_ros_agent) StdoutLine: {'line': b'-- Installing: /ros2_ws/uros_ws/install/micro_ros_agent/share/microxrcedds_agent/cmake/microxrcedds_agentTargets-release.cmake\n'}
[272.862551] (micro_ros_agent) StdoutLine: {'line': b'-- Installing: /ros2_ws/uros_ws/install/micro_ros_agent/include/uxr/agent/config.hpp\n'}
[272.862851] (micro_ros_agent) StdoutLine: {'line': b'-- Installing: /ros2_ws/uros_ws/install/micro_ros_agent/share/microxrcedds_agent/LICENSE\n'}
[272.863195] (micro_ros_agent) StdoutLine: {'line': b'-- Installing: /ros2_ws/uros_ws/install/micro_ros_agent/share/microxrcedds_agent/cmake/microxrcedds_agentConfig.cmake\n'}
[272.863500] (micro_ros_agent) StdoutLine: {'line': b'-- Installing: /ros2_ws/uros_ws/install/micro_ros_agent/share/microxrcedds_agent/cmake/microxrcedds_agentConfigVersion.cmake\n'}
[272.884102] (-) TimerEvent: {}
[272.909691] (micro_ros_agent) StdoutLine: {'line': b"[ 50%] \x1b[34m\x1b[1mCompleted 'xrceagent'\x1b[0m\n"}
[272.984273] (-) TimerEvent: {}
[273.011363] (micro_ros_agent) StdoutLine: {'line': b'[ 50%] Built target xrceagent\n'}
[273.068692] (micro_ros_agent) StdoutLine: {'line': b"[ 56%] \x1b[34m\x1b[1mCreating directories for 'micro_ros_agent'\x1b[0m\n"}
[273.084526] (-) TimerEvent: {}
[273.185249] (-) TimerEvent: {}
[273.273303] (micro_ros_agent) StdoutLine: {'line': b"[ 62%] \x1b[34m\x1b[1mNo download step for 'micro_ros_agent'\x1b[0m\n"}
[273.285430] (-) TimerEvent: {}
[273.342822] (micro_ros_agent) StdoutLine: {'line': b"[ 68%] \x1b[34m\x1b[1mNo update step for 'micro_ros_agent'\x1b[0m\n"}
[273.385608] (-) TimerEvent: {}
[273.411755] (micro_ros_agent) StdoutLine: {'line': b"[ 75%] \x1b[34m\x1b[1mNo patch step for 'micro_ros_agent'\x1b[0m\n"}
[273.480506] (micro_ros_agent) StdoutLine: {'line': b"[ 81%] \x1b[34m\x1b[1mPerforming configure step for 'micro_ros_agent'\x1b[0m\n"}
[273.485791] (-) TimerEvent: {}
[273.506156] (micro_ros_agent) StdoutLine: {'line': b'loading initial cache file /ros2_ws/uros_ws/build/micro_ros_agent/micro_ros_agent-prefix/tmp/micro_ros_agent-cache-.cmake\n'}
[273.521343] (micro_ros_agent) StdoutLine: {'line': b'-- Found ament_cmake: 1.3.14 (/opt/ros/humble/share/ament_cmake/cmake)\n'}
[273.585968] (-) TimerEvent: {}
[273.686631] (-) TimerEvent: {}
[273.787271] (-) TimerEvent: {}
[273.888212] (-) TimerEvent: {}
[273.972167] (micro_ros_agent) StdoutLine: {'line': b'-- Found Python3: /usr/bin/python3 (found version "3.10.12") found components: Interpreter \n'}
[273.988360] (-) TimerEvent: {}
[274.088981] (-) TimerEvent: {}
[274.189667] (-) TimerEvent: {}
[274.290630] (-) TimerEvent: {}
[274.391318] (-) TimerEvent: {}
[274.444966] (micro_ros_agent) StdoutLine: {'line': b'-- Found OpenSSL: /usr/lib/aarch64-linux-gnu/libcrypto.so (found version "3.0.2")  \n'}
[274.457972] (micro_ros_agent) StdoutLine: {'line': b'-- Looking for C++ include pthread.h\n'}
[274.491537] (-) TimerEvent: {}
[274.592223] (-) TimerEvent: {}
[274.692909] (-) TimerEvent: {}
[274.735822] (micro_ros_agent) StdoutLine: {'line': b'-- Looking for C++ include pthread.h - found\n'}
[274.736519] (micro_ros_agent) StdoutLine: {'line': b'-- Performing Test CMAKE_HAVE_LIBC_PTHREAD\n'}
[274.793089] (-) TimerEvent: {}
[274.893755] (-) TimerEvent: {}
[274.994556] (-) TimerEvent: {}
[275.013874] (micro_ros_agent) StdoutLine: {'line': b'-- Performing Test CMAKE_HAVE_LIBC_PTHREAD - Success\n'}
[275.016887] (micro_ros_agent) StdoutLine: {'line': b'-- Found Threads: TRUE  \n'}
[275.030805] (micro_ros_agent) StdoutLine: {'line': b'-- Found rosidl_cmake: 3.1.8 (/opt/ros/humble/share/rosidl_cmake/cmake)\n'}
[275.035044] (micro_ros_agent) StdoutLine: {'line': b'-- Found rosidl_adapter: 3.1.8 (/opt/ros/humble/share/rosidl_adapter/cmake)\n'}
[275.075292] (micro_ros_agent) StdoutLine: {'line': b'-- Found fastrtps_cmake_module: 2.2.4 (/opt/ros/humble/share/fastrtps_cmake_module/cmake)\n'}
[275.080763] (micro_ros_agent) StdoutLine: {'line': b'-- Found rmw_dds_common: 1.6.0 (/opt/ros/humble/share/rmw_dds_common/cmake)\n'}
[275.094676] (-) TimerEvent: {}
[275.164212] (micro_ros_agent) StdoutLine: {'line': b'-- Found rosidl_generator_c: 3.1.8 (/opt/ros/humble/share/rosidl_generator_c/cmake)\n'}
[275.194838] (-) TimerEvent: {}
[275.196918] (micro_ros_agent) StdoutLine: {'line': b'-- Found rosidl_generator_cpp: 3.1.8 (/opt/ros/humble/share/rosidl_generator_cpp/cmake)\n'}
[275.226214] (micro_ros_agent) StdoutLine: {'line': b'-- Using all available rosidl_typesupport_c: rosidl_typesupport_fastrtps_c;rosidl_typesupport_introspection_c\n'}
[275.270291] (micro_ros_agent) StdoutLine: {'line': b'-- Using all available rosidl_typesupport_cpp: rosidl_typesupport_fastrtps_cpp;rosidl_typesupport_introspection_cpp\n'}
[275.294991] (-) TimerEvent: {}
[275.343111] (micro_ros_agent) StdoutLine: {'line': b'-- Found rmw_fastrtps_shared_cpp: 6.2.10 (/opt/ros/humble/share/rmw_fastrtps_shared_cpp/cmake)\n'}
[275.395170] (-) TimerEvent: {}
[275.454775] (micro_ros_agent) StdoutLine: {'line': b'-- Found FastRTPS: /opt/ros/humble/include  \n'}
[275.459025] (micro_ros_agent) StdoutLine: {'line': b'-- Found ament_lint_auto: 0.12.15 (/opt/ros/humble/share/ament_lint_auto/cmake)\n'}
[275.465971] (micro_ros_agent) StdoutLine: {'line': b'-- Found ament_cmake_gtest: 1.3.14 (/opt/ros/humble/share/ament_cmake_gtest/cmake)\n'}
[275.468480] (micro_ros_agent) StdoutLine: {'line': b'-- Found micro_ros_msgs: 3.0.1 (/ros2_ws/uros_ws/install/micro_ros_msgs/share/micro_ros_msgs/cmake)\n'}
[275.495312] (-) TimerEvent: {}
[275.595935] (-) TimerEvent: {}
[275.696545] (-) TimerEvent: {}
[275.753845] (micro_ros_agent) StdoutLine: {'line': b'-- Configuring done\n'}
[275.790243] (micro_ros_agent) StdoutLine: {'line': b'-- Generating done\n'}
[275.796707] (-) TimerEvent: {}
[275.802785] (micro_ros_agent) StdoutLine: {'line': b'-- Build files have been written to: /ros2_ws/uros_ws/build/micro_ros_agent\n'}
[275.862782] (micro_ros_agent) StdoutLine: {'line': b"[ 87%] \x1b[34m\x1b[1mPerforming build step for 'micro_ros_agent'\x1b[0m\n"}
[275.896896] (-) TimerEvent: {}
[275.989410] (micro_ros_agent) StdoutLine: {'line': b'[ 50%] \x1b[32mBuilding CXX object CMakeFiles/micro_ros_agent.dir/src/agent/graph_manager/graph_manager.cpp.o\x1b[0m\n'}
[275.990149] (micro_ros_agent) StdoutLine: {'line': b'[ 50%] \x1b[32mBuilding CXX object CMakeFiles/micro_ros_agent.dir/src/main.cpp.o\x1b[0m\n'}
[275.990742] (micro_ros_agent) StdoutLine: {'line': b'[ 50%] \x1b[32mBuilding CXX object CMakeFiles/micro_ros_agent.dir/src/agent/Agent.cpp.o\x1b[0m\n'}
[275.997370] (micro_ros_agent) StdoutLine: {'line': b'[ 66%] \x1b[32mBuilding CXX object CMakeFiles/micro_ros_agent.dir/src/agent/graph_manager/graph_typesupport.cpp.o\x1b[0m\n'}
[275.998211] (-) TimerEvent: {}
[276.104864] (-) TimerEvent: {}
[276.207091] (-) TimerEvent: {}
[276.308018] (-) TimerEvent: {}
[276.408848] (-) TimerEvent: {}
[276.510803] (-) TimerEvent: {}
[276.612584] (-) TimerEvent: {}
[276.713289] (-) TimerEvent: {}
[276.814823] (-) TimerEvent: {}
[276.915794] (-) TimerEvent: {}
[277.016785] (-) TimerEvent: {}
[277.117819] (-) TimerEvent: {}
[277.220008] (-) TimerEvent: {}
[277.322143] (-) TimerEvent: {}
[277.425017] (-) TimerEvent: {}
[277.527969] (-) TimerEvent: {}
[277.634547] (-) TimerEvent: {}
[277.735669] (-) TimerEvent: {}
[277.836617] (-) TimerEvent: {}
[277.937730] (-) TimerEvent: {}
[278.038858] (-) TimerEvent: {}
[278.142159] (-) TimerEvent: {}
[278.245652] (-) TimerEvent: {}
[278.350416] (-) TimerEvent: {}
[278.454862] (-) TimerEvent: {}
[278.556037] (-) TimerEvent: {}
[278.663041] (-) TimerEvent: {}
[278.764407] (-) TimerEvent: {}
[278.865603] (-) TimerEvent: {}
[278.967361] (-) TimerEvent: {}
[279.068623] (-) TimerEvent: {}
[279.175032] (-) TimerEvent: {}
[279.276513] (-) TimerEvent: {}
[279.377538] (-) TimerEvent: {}
[279.478588] (-) TimerEvent: {}
[279.581554] (-) TimerEvent: {}
[279.684765] (-) TimerEvent: {}
[279.788733] (-) TimerEvent: {}
[279.892033] (-) TimerEvent: {}
[279.998300] (-) TimerEvent: {}
[280.099405] (-) TimerEvent: {}
[280.200453] (-) TimerEvent: {}
[280.301692] (-) TimerEvent: {}
[280.402803] (-) TimerEvent: {}
[280.504701] (-) TimerEvent: {}
[280.607004] (-) TimerEvent: {}
[280.709131] (-) TimerEvent: {}
[280.813814] (-) TimerEvent: {}
[280.914781] (-) TimerEvent: {}
[281.015754] (-) TimerEvent: {}
[281.116788] (-) TimerEvent: {}
[281.218568] (-) TimerEvent: {}
[281.320637] (-) TimerEvent: {}
[281.426278] (-) TimerEvent: {}
[281.527209] (-) TimerEvent: {}
[281.628275] (-) TimerEvent: {}
[281.729370] (-) TimerEvent: {}
[281.834275] (-) TimerEvent: {}
[281.935255] (-) TimerEvent: {}
[282.036177] (-) TimerEvent: {}
[282.137103] (-) TimerEvent: {}
[282.238029] (-) TimerEvent: {}
[282.339592] (-) TimerEvent: {}
[282.442435] (-) TimerEvent: {}
[282.543392] (-) TimerEvent: {}
[282.645136] (-) TimerEvent: {}
[282.747186] (-) TimerEvent: {}
[282.849805] (-) TimerEvent: {}
[282.950761] (-) TimerEvent: {}
[283.052709] (-) TimerEvent: {}
[283.153933] (-) TimerEvent: {}
[283.258984] (-) TimerEvent: {}
[283.360629] (-) TimerEvent: {}
[283.462320] (-) TimerEvent: {}
[283.564802] (-) TimerEvent: {}
[283.670712] (-) TimerEvent: {}
[283.771860] (-) TimerEvent: {}
[283.872986] (-) TimerEvent: {}
[283.974125] (-) TimerEvent: {}
[284.076510] (-) TimerEvent: {}
[284.182284] (-) TimerEvent: {}
[284.283209] (-) TimerEvent: {}
[284.384184] (-) TimerEvent: {}
[284.485103] (-) TimerEvent: {}
[284.586107] (-) TimerEvent: {}
[284.690279] (-) TimerEvent: {}
[284.791246] (-) TimerEvent: {}
[284.892536] (-) TimerEvent: {}
[284.993497] (-) TimerEvent: {}
[285.095208] (-) TimerEvent: {}
[285.197590] (-) TimerEvent: {}
[285.302292] (-) TimerEvent: {}
[285.403455] (-) TimerEvent: {}
[285.504516] (-) TimerEvent: {}
[285.607211] (-) TimerEvent: {}
[285.714284] (-) TimerEvent: {}
[285.815375] (-) TimerEvent: {}
[285.916482] (-) TimerEvent: {}
[285.947603] (micro_ros_agent) StdoutLine: {'line': b'[ 83%] \x1b[32mBuilding CXX object CMakeFiles/micro_ros_agent.dir/src/agent/utils/demangle.cpp.o\x1b[0m\n'}
[286.016707] (-) TimerEvent: {}
[286.119433] (-) TimerEvent: {}
[286.222873] (-) TimerEvent: {}
[286.325437] (-) TimerEvent: {}
[286.430887] (-) TimerEvent: {}
[286.532269] (-) TimerEvent: {}
[286.633359] (-) TimerEvent: {}
[286.738289] (-) TimerEvent: {}
[286.839482] (-) TimerEvent: {}
[286.941262] (-) TimerEvent: {}
[287.044598] (-) TimerEvent: {}
[287.150356] (-) TimerEvent: {}
[287.251829] (-) TimerEvent: {}
[287.352763] (-) TimerEvent: {}
[287.453809] (-) TimerEvent: {}
[287.557340] (-) TimerEvent: {}
[287.660261] (-) TimerEvent: {}
[287.766861] (-) TimerEvent: {}
[287.867730] (-) TimerEvent: {}
[287.968755] (-) TimerEvent: {}
[288.069842] (-) TimerEvent: {}
[288.170835] (-) TimerEvent: {}
[288.272891] (-) TimerEvent: {}
[288.374488] (-) TimerEvent: {}
[288.478032] (-) TimerEvent: {}
[288.581225] (-) TimerEvent: {}
[288.684706] (-) TimerEvent: {}
[288.788735] (-) TimerEvent: {}
[288.892163] (-) TimerEvent: {}
[288.996078] (-) TimerEvent: {}
[289.098750] (-) TimerEvent: {}
[289.199572] (-) TimerEvent: {}
[289.303136] (-) TimerEvent: {}
[289.403966] (-) TimerEvent: {}
[289.506629] (-) TimerEvent: {}
[289.607435] (-) TimerEvent: {}
[289.710743] (-) TimerEvent: {}
[289.813514] (-) TimerEvent: {}
[289.915226] (-) TimerEvent: {}
[290.018569] (-) TimerEvent: {}
[290.125195] (-) TimerEvent: {}
[290.225985] (-) TimerEvent: {}
[290.328157] (-) TimerEvent: {}
[290.430510] (-) TimerEvent: {}
[290.532793] (-) TimerEvent: {}
[290.635946] (-) TimerEvent: {}
[290.738597] (-) TimerEvent: {}
[290.841246] (-) TimerEvent: {}
[290.942057] (-) TimerEvent: {}
[291.042972] (-) TimerEvent: {}
[291.144235] (-) TimerEvent: {}
[291.249661] (-) TimerEvent: {}
[291.353930] (-) TimerEvent: {}
[291.454919] (-) TimerEvent: {}
[291.555786] (-) TimerEvent: {}
[291.658604] (-) TimerEvent: {}
[291.759457] (-) TimerEvent: {}
[291.863135] (-) TimerEvent: {}
[291.964831] (-) TimerEvent: {}
[292.065686] (-) TimerEvent: {}
[292.166540] (-) TimerEvent: {}
[292.267447] (-) TimerEvent: {}
[292.370171] (-) TimerEvent: {}
[292.471051] (-) TimerEvent: {}
[292.571775] (-) TimerEvent: {}
[292.672496] (-) TimerEvent: {}
[292.773238] (-) TimerEvent: {}
[292.873919] (-) TimerEvent: {}
[292.974640] (-) TimerEvent: {}
[293.075357] (-) TimerEvent: {}
[293.176062] (-) TimerEvent: {}
[293.276734] (-) TimerEvent: {}
[293.377545] (-) TimerEvent: {}
[293.478783] (-) TimerEvent: {}
[293.579540] (-) TimerEvent: {}
[293.680172] (-) TimerEvent: {}
[293.780834] (-) TimerEvent: {}
[293.881567] (-) TimerEvent: {}
[293.982370] (-) TimerEvent: {}
[294.083063] (-) TimerEvent: {}
[294.183714] (-) TimerEvent: {}
[294.284374] (-) TimerEvent: {}
[294.385087] (-) TimerEvent: {}
[294.484775] (micro_ros_agent) StdoutLine: {'line': b'[100%] \x1b[32m\x1b[1mLinking CXX executable micro_ros_agent\x1b[0m\n'}
[294.485347] (-) TimerEvent: {}
[294.585940] (-) TimerEvent: {}
[294.687128] (-) TimerEvent: {}
[294.788075] (-) TimerEvent: {}
[294.888893] (-) TimerEvent: {}
[294.989803] (-) TimerEvent: {}
[295.090641] (-) TimerEvent: {}
[295.191600] (-) TimerEvent: {}
[295.292518] (-) TimerEvent: {}
[295.393217] (-) TimerEvent: {}
[295.494210] (-) TimerEvent: {}
[295.594929] (-) TimerEvent: {}
[295.695796] (-) TimerEvent: {}
[295.796479] (-) TimerEvent: {}
[295.897157] (-) TimerEvent: {}
[295.984278] (micro_ros_agent) StdoutLine: {'line': b'[100%] Built target micro_ros_agent\n'}
[295.997354] (-) TimerEvent: {}
[296.056033] (micro_ros_agent) StdoutLine: {'line': b"\x1b[34m\x1b[1mNo install step for 'micro_ros_agent'\x1b[0m\n"}
[296.097538] (-) TimerEvent: {}
[296.125288] (micro_ros_agent) StdoutLine: {'line': b"\x1b[34m\x1b[1mCompleted 'micro_ros_agent'\x1b[0m\n"}
[296.197704] (-) TimerEvent: {}
[296.217234] (micro_ros_agent) StdoutLine: {'line': b'Built target micro_ros_agent\n'}
[296.248390] (micro_ros_agent) CommandEnded: {'returncode': 0}
[296.250176] (micro_ros_agent) JobProgress: {'identifier': 'micro_ros_agent', 'progress': 'install'}
[296.251003] (micro_ros_agent) Command: {'cmd': ['/usr/bin/cmake', '--install', '/ros2_ws/uros_ws/build/micro_ros_agent'], 'cwd': '/ros2_ws/uros_ws/build/micro_ros_agent', 'env': OrderedDict([('HOSTNAME', 'CETOHLC-Pi'), ('SHLVL', '2'), ('LD_LIBRARY_PATH', '/ros2_ws/uros_ws/install/micro_ros_msgs/lib:/opt/ros/humble/lib/aarch64-linux-gnu:/opt/ros/humble/lib'), ('HOME', '/root'), ('OLDPWD', '/ros2_ws/uros_ws/install'), ('PYTHONUNBUFFERED', '1'), ('ROS_PYTHON_VERSION', '3'), ('COLCON_PREFIX_PATH', '/ros2_ws/uros_ws/install:/ros2_ws/install'), ('ROS_DISTRO', 'humble'), ('_', '/usr/bin/colcon'), ('ROS_VERSION', '2'), ('TERM', 'xterm'), ('ROS_LOCALHOST_ONLY', '0'), ('PATH', '/opt/ros/humble/bin:/usr/local/sbin:/usr/local/bin:/usr/sbin:/usr/bin:/sbin:/bin'), ('LANG', 'C.UTF-8'), ('RMW_IMPLEMENTATION', 'rmw_cyclonedds_cpp'), ('LS_COLORS', 'rs=0:di=01;34:ln=01;36:mh=00:pi=40;33:so=01;35:do=01;35:bd=40;33;01:cd=40;33;01:or=40;31;01:mi=00:su=37;41:sg=30;43:ca=30;41:tw=30;42:ow=34;42:st=37;44:ex=01;32:*.tar=01;31:*.tgz=01;31:*.arc=01;31:*.arj=01;31:*.taz=01;31:*.lha=01;31:*.lz4=01;31:*.lzh=01;31:*.lzma=01;31:*.tlz=01;31:*.txz=01;31:*.tzo=01;31:*.t7z=01;31:*.zip=01;31:*.z=01;31:*.dz=01;31:*.gz=01;31:*.lrz=01;31:*.lz=01;31:*.lzo=01;31:*.xz=01;31:*.zst=01;31:*.tzst=01;31:*.bz2=01;31:*.bz=01;31:*.tbz=01;31:*.tbz2=01;31:*.tz=01;31:*.deb=01;31:*.rpm=01;31:*.jar=01;31:*.war=01;31:*.ear=01;31:*.sar=01;31:*.rar=01;31:*.alz=01;31:*.ace=01;31:*.zoo=01;31:*.cpio=01;31:*.7z=01;31:*.rz=01;31:*.cab=01;31:*.wim=01;31:*.swm=01;31:*.dwm=01;31:*.esd=01;31:*.jpg=01;35:*.jpeg=01;35:*.mjpg=01;35:*.mjpeg=01;35:*.gif=01;35:*.bmp=01;35:*.pbm=01;35:*.pgm=01;35:*.ppm=01;35:*.tga=01;35:*.xbm=01;35:*.xpm=01;35:*.tif=01;35:*.tiff=01;35:*.png=01;35:*.svg=01;35:*.svgz=01;35:*.mng=01;35:*.pcx=01;35:*.mov=01;35:*.mpg=01;35:*.mpeg=01;35:*.m2v=01;35:*.mkv=01;35:*.webm=01;35:*.webp=01;35:*.ogm=01;35:*.mp4=01;35:*.m4v=01;35:*.mp4v=01;35:*.vob=01;35:*.qt=01;35:*.nuv=01;35:*.wmv=01;35:*.asf=01;35:*.rm=01;35:*.rmvb=01;35:*.flc=01;35:*.avi=01;35:*.fli=01;35:*.flv=01;35:*.gl=01;35:*.dl=01;35:*.xcf=01;35:*.xwd=01;35:*.yuv=01;35:*.cgm=01;35:*.emf=01;35:*.ogv=01;35:*.ogx=01;35:*.aac=00;36:*.au=00;36:*.flac=00;36:*.m4a=00;36:*.mid=00;36:*.midi=00;36:*.mka=00;36:*.mp3=00;36:*.mpc=00;36:*.ogg=00;36:*.ra=00;36:*.wav=00;36:*.oga=00;36:*.opus=00;36:*.spx=00;36:*.xspf=00;36:'), ('ROS_DOMAIN_ID', '42'), ('AMENT_PREFIX_PATH', '/ros2_ws/uros_ws/install/micro_ros_msgs:/ros2_ws/uros_ws/install/micro_ros_setup:/ros2_ws/install/micro_ros_setup:/opt/ros/humble'), ('PWD', '/ros2_ws/uros_ws/build/micro_ros_agent'), ('LC_ALL', 'C.UTF-8'), ('PYTHONPATH', '/ros2_ws/uros_ws/install/micro_ros_msgs/local/lib/python3.10/dist-packages:/opt/ros/humble/lib/python3.10/site-packages:/opt/ros/humble/local/lib/python3.10/dist-packages'), ('COLCON', '1'), ('CMAKE_PREFIX_PATH', '/ros2_ws/uros_ws/install/micro_ros_msgs:/ros2_ws/uros_ws/install/micro_ros_setup:/ros2_ws/install/micro_ros_setup:/opt/ros/humble')]), 'shell': False}
[296.274187] (micro_ros_agent) StdoutLine: {'line': b'-- Install configuration: ""\n'}
[296.274775] (micro_ros_agent) StdoutLine: {'line': b'-- Installing: /ros2_ws/uros_ws/install/micro_ros_agent/share/ament_index/resource_index/package_run_dependencies/micro_ros_agent\n'}
[296.275485] (micro_ros_agent) StdoutLine: {'line': b'-- Installing: /ros2_ws/uros_ws/install/micro_ros_agent/share/ament_index/resource_index/parent_prefix_path/micro_ros_agent\n'}
[296.276143] (micro_ros_agent) StdoutLine: {'line': b'-- Installing: /ros2_ws/uros_ws/install/micro_ros_agent/share/micro_ros_agent/environment/ament_prefix_path.sh\n'}
[296.276666] (micro_ros_agent) StdoutLine: {'line': b'-- Installing: /ros2_ws/uros_ws/install/micro_ros_agent/share/micro_ros_agent/environment/ament_prefix_path.dsv\n'}
[296.277163] (micro_ros_agent) StdoutLine: {'line': b'-- Installing: /ros2_ws/uros_ws/install/micro_ros_agent/share/micro_ros_agent/environment/path.sh\n'}
[296.277711] (micro_ros_agent) StdoutLine: {'line': b'-- Installing: /ros2_ws/uros_ws/install/micro_ros_agent/share/micro_ros_agent/environment/path.dsv\n'}
[296.278224] (micro_ros_agent) StdoutLine: {'line': b'-- Installing: /ros2_ws/uros_ws/install/micro_ros_agent/share/micro_ros_agent/local_setup.bash\n'}
[296.278711] (micro_ros_agent) StdoutLine: {'line': b'-- Installing: /ros2_ws/uros_ws/install/micro_ros_agent/share/micro_ros_agent/local_setup.sh\n'}
[296.279195] (micro_ros_agent) StdoutLine: {'line': b'-- Installing: /ros2_ws/uros_ws/install/micro_ros_agent/share/micro_ros_agent/local_setup.zsh\n'}
[296.279646] (micro_ros_agent) StdoutLine: {'line': b'-- Installing: /ros2_ws/uros_ws/install/micro_ros_agent/share/micro_ros_agent/local_setup.dsv\n'}
[296.280121] (micro_ros_agent) StdoutLine: {'line': b'-- Installing: /ros2_ws/uros_ws/install/micro_ros_agent/share/micro_ros_agent/package.dsv\n'}
[296.280741] (micro_ros_agent) StdoutLine: {'line': b'-- Installing: /ros2_ws/uros_ws/install/micro_ros_agent/share/ament_index/resource_index/packages/micro_ros_agent\n'}
[296.281313] (micro_ros_agent) StdoutLine: {'line': b'-- Installing: /ros2_ws/uros_ws/install/micro_ros_agent/share/micro_ros_agent/cmake/ament_cmake_export_dependencies-extras.cmake\n'}
[296.281826] (micro_ros_agent) StdoutLine: {'line': b'-- Installing: /ros2_ws/uros_ws/install/micro_ros_agent/share/micro_ros_agent/cmake/micro_ros_agentConfig.cmake\n'}
[296.282317] (micro_ros_agent) StdoutLine: {'line': b'-- Installing: /ros2_ws/uros_ws/install/micro_ros_agent/share/micro_ros_agent/cmake/micro_ros_agentConfig-version.cmake\n'}
[296.282782] (micro_ros_agent) StdoutLine: {'line': b'-- Installing: /ros2_ws/uros_ws/install/micro_ros_agent/share/micro_ros_agent/package.xml\n'}
[296.283480] (micro_ros_agent) StdoutLine: {'line': b'-- Installing: /ros2_ws/uros_ws/install/micro_ros_agent/lib/micro_ros_agent/micro_ros_agent\n'}
[296.288214] (micro_ros_agent) StdoutLine: {'line': b'-- Set runtime path of "/ros2_ws/uros_ws/install/micro_ros_agent/lib/micro_ros_agent/micro_ros_agent" to ""\n'}
[296.288805] (micro_ros_agent) StdoutLine: {'line': b'-- Installing: /ros2_ws/uros_ws/install/micro_ros_agent/share/micro_ros_agent/launch\n'}
[296.289182] (micro_ros_agent) StdoutLine: {'line': b'-- Installing: /ros2_ws/uros_ws/install/micro_ros_agent/share/micro_ros_agent/launch/micro_ros_agent_launch.py\n'}
[296.294004] (micro_ros_agent) CommandEnded: {'returncode': 0}
[296.297789] (-) TimerEvent: {}
[296.366938] (micro_ros_agent) JobEnded: {'identifier': 'micro_ros_agent', 'rc': 0}
[296.370009] (-) EventReactorShutdown: {}
